task_id,pattern,difficulty,config,model,model_key,pass,reward,steps,delegations,tokens_in,tokens_cached,tokens_out,cost_usd,wallclock_s,terminal_reason,commit,run_id
2004_easy_01_buy_only_baseline,01_buy_only_baseline,easy,A_pi,z-ai/glm-5.1,big,True,100.0,13,0,192655,144896,16132,0.157965,755.53,finish,1a6af41c1e956a7e8002d1842644d340816ea274,A_pi__big__dev40__20260902T002458Z
2014_easy_02_buy_only_immediate_invoicing,02_buy_only_immediate_invoicing,easy,A_pi,z-ai/glm-5.1,big,True,100.0,17,0,420503,303936,21604,0.303547,348.38,finish,1a6af41c1e956a7e8002d1842644d340816ea274,A_pi__big__dev40__20260902T002458Z
2017_easy_03_buy_only_fixed_downpayment,03_buy_only_fixed_downpayment,easy,A_pi,z-ai/glm-5.1,big,False,22.84,13,0,186941,151040,18783,0.154959,249.04,finish,1a6af41c1e956a7e8002d1842644d340816ea274,A_pi__big__dev40__20260902T002458Z
2024_easy_04_buy_only_percentage_downpayment,04_buy_only_percentage_downpayment,easy,A_pi,z-ai/glm-5.1,big,True,100.0,12,0,202348,152576,19643,0.176202,557.53,finish,1a6af41c1e956a7e8002d1842644d340816ea274,A_pi__big__dev40__20260902T002458Z
2035_medium_05_screened_buy_only_all_seeded,05_screened_buy_only_all_seeded,medium,A_pi,z-ai/glm-5.1,big,True,100.0,17,0,234845,182272,16231,0.173168,711.99,finish,1a6af41c1e956a7e8002d1842644d340816ea274,A_pi__big__dev40__20260902T002458Z
2039_medium_05_screened_buy_only_all_seeded,05_screened_buy_only_all_seeded,medium,A_pi,z-ai/glm-5.1,big,True,100.0,11,0,170112,137216,13544,0.127192,166.94,finish,1a6af41c1e956a7e8002d1842644d340816ea274,A_pi__big__dev40__20260902T002458Z
2042_medium_06_screened_buy_only_mixed_seeded,06_screened_buy_only_mixed_seeded,medium,A_pi,z-ai/glm-5.1,big,True,100.0,11,0,115131,87040,13116,0.107701,590.51,finish,1a6af41c1e956a7e8002d1842644d340816ea274,A_pi__big__dev40__20260902T002458Z
2050_medium_06_screened_buy_only_mixed_seeded,06_screened_buy_only_mixed_seeded,medium,A_pi,z-ai/glm-5.1,big,False,0.0,17,0,136927,112640,9014,0.092655,643.53,finish,1a6af41c1e956a7e8002d1842644d340816ea274,A_pi__big__dev40__20260902T002458Z
2057_medium_07_screened_buy_only_mixed_seeded_invoicing,07_screened_buy_only_mixed_seeded_invoicing,medium,A_pi,z-ai/glm-5.1,big,True,100.0,14,0,182725,122176,14601,0.162701,433.41,finish,1a6af41c1e956a7e8002d1842644d340816ea274,A_pi__big__dev40__20260902T002458Z
2058_medium_07_screened_buy_only_mixed_seeded_invoicing,07_screened_buy_only_mixed_seeded_invoicing,medium,A_pi,z-ai/glm-5.1,big,True,100.0,20,0,232270,168576,13401,0.172769,409.81,finish,1a6af41c1e956a7e8002d1842644d340816ea274,A_pi__big__dev40__20260902T002458Z
2065_medium_08_single_bom_single_workcenter,08_single_bom_single_workcenter,medium,A_pi,z-ai/glm-5.1,big,False,20.38,54,0,2269522,1999424,63652,1.060251,1255.34,finish,1a6af41c1e956a7e8002d1842644d340816ea274,A_pi__big__dev40__20260902T002458Z
2070_medium_08_single_bom_single_workcenter,08_single_bom_single_workcenter,medium,A_pi,z-ai/glm-5.1,big,False,22.08,42,0,2189844,1849792,55813,1.082336,1197.03,finish,1a6af41c1e956a7e8002d1842644d340816ea274,A_pi__big__dev40__20260902T002458Z
2075_medium_09_single_bom_lowest_cost,09_single_bom_lowest_cost,medium,A_pi,z-ai/glm-5.1,big,True,99.84,25,0,1011443,756032,33875,0.632874,572.32,finish,1a6af41c1e956a7e8002d1842644d340816ea274,A_pi__big__dev40__20260902T002458Z
2086_medium_10_single_bom_split_by_capacity,10_single_bom_split_by_capacity,medium,A_pi,z-ai/glm-5.1,big,False,20.31,31,0,1024592,817152,40325,0.612275,645.16,finish,1a6af41c1e956a7e8002d1842644d340816ea274,A_pi__big__dev40__20260902T002458Z
2097_hard_11_restricted_subassembly_qualified_workcenters,11_restricted_subassembly_qualified_workcenters,hard,A_pi,z-ai/glm-5.1,big,False,19.09,26,0,820806,646400,46622,0.555632,541.28,finish,1a6af41c1e956a7e8002d1842644d340816ea274,A_pi__big__dev40__20260902T002458Z
2109_medium_12_single_subassembly_lowest_cost,12_single_subassembly_lowest_cost,medium,A_pi,z-ai/glm-5.1,big,False,20.0,22,0,763674,513344,50943,0.637273,1333.38,finish,1a6af41c1e956a7e8002d1842644d340816ea274,A_pi__big__dev40__20260902T002458Z
2122_medium_13_single_subassembly_qualified_workcenters,13_single_subassembly_qualified_workcenters,medium,A_pi,z-ai/glm-5.1,big,False,20.0,35,0,1383732,1019200,43555,0.870281,681.65,finish,1a6af41c1e956a7e8002d1842644d340816ea274,A_pi__big__dev40__20260902T002458Z
2130_medium_14_single_subassembly_shared_overflow_capacity,14_single_subassembly_shared_overflow_capacity,medium,A_pi,z-ai/glm-5.1,big,False,19.55,23,0,676007,497984,43778,0.514198,858.92,finish,1a6af41c1e956a7e8002d1842644d340816ea274,A_pi__big__dev40__20260902T002458Z
2147_hard_15_parallel_subassemblies_branch_assigned,15_parallel_subassemblies_branch_assigned,hard,A_pi,z-ai/glm-5.1,big,False,23.22,51,0,3021246,2665792,79572,1.386772,2559.38,finish,1a6af41c1e956a7e8002d1842644d340816ea274,A_pi__big__dev40__20260902T002458Z
2156_hard_16_serial_subassemblies_branch_assigned,16_serial_subassemblies_branch_assigned,hard,A_pi,z-ai/glm-5.1,big,False,22.37,41,0,3151954,2750272,91155,1.510657,3069.36,finish,1a6af41c1e956a7e8002d1842644d340816ea274,A_pi__big__dev40__20260902T002458Z
2167_hard_17_shared_component_subassemblies_branch_assigned,17_shared_component_subassemblies_branch_assigned,hard,A_pi,z-ai/glm-5.1,big,False,23.24,40,0,1713914,1316672,50929,1.010305,1540.06,finish,1a6af41c1e956a7e8002d1842644d340816ea274,A_pi__big__dev40__20260902T002458Z
2180_medium_18_manufacture_only_policy_forbidden,18_manufacture_only_policy_forbidden,medium,A_pi,z-ai/glm-5.1,big,True,99.0,22,0,804588,616256,43642,0.554325,529.88,finish,1a6af41c1e956a7e8002d1842644d340816ea274,A_pi__big__dev40__20260902T002458Z
2190_medium_19_manufacture_only_no_buy_route,19_manufacture_only_no_buy_route,medium,A_pi,z-ai/glm-5.1,big,False,23.13,22,0,1034059,890368,69508,0.664648,793.86,finish,1a6af41c1e956a7e8002d1842644d340816ea274,A_pi__big__dev40__20260902T002458Z
2192_medium_19_manufacture_only_no_buy_route,19_manufacture_only_no_buy_route,medium,A_pi,z-ai/glm-5.1,big,True,100.0,35,0,803229,680768,32191,0.441077,823.66,finish,1a6af41c1e956a7e8002d1842644d340816ea274,A_pi__big__dev40__20260902T002458Z
2196_medium_20_manufacture_only_no_available_vendors,20_manufacture_only_no_available_vendors,medium,A_pi,z-ai/glm-5.1,big,False,13.43,44,0,1403979,1127104,43024,0.78298,1177.29,finish,1a6af41c1e956a7e8002d1842644d340816ea274,A_pi__big__dev40__20260902T002458Z
2204_medium_20_manufacture_only_no_available_vendors,20_manufacture_only_no_available_vendors,medium,A_pi,z-ai/glm-5.1,big,False,20.9,40,0,2804953,2544192,69770,1.200189,1341.57,finish,1a6af41c1e956a7e8002d1842644d340816ea274,A_pi__big__dev40__20260902T002458Z
2208_medium_21_single_bom_lowest_cost_screened_mixed_seeded,21_single_bom_lowest_cost_screened_mixed_seeded,medium,A_pi,z-ai/glm-5.1,big,True,100.0,34,0,1970864,1781312,56357,0.878836,645.71,finish,1a6af41c1e956a7e8002d1842644d340816ea274,A_pi__big__dev40__20260902T002458Z
2214_medium_21_single_bom_lowest_cost_screened_mixed_seeded,21_single_bom_lowest_cost_screened_mixed_seeded,medium,A_pi,z-ai/glm-5.1,big,True,100.0,35,0,1406614,1155840,40535,0.74696,837.52,finish,1a6af41c1e956a7e8002d1842644d340816ea274,A_pi__big__dev40__20260902T002458Z
2217_medium_22_single_bom_split_by_capacity_invoicing,22_single_bom_split_by_capacity_invoicing,medium,A_pi,z-ai/glm-5.1,big,False,22.37,38,0,1437747,1190592,43586,0.762614,560.76,finish,1a6af41c1e956a7e8002d1842644d340816ea274,A_pi__big__dev40__20260902T002458Z
2221_medium_22_single_bom_split_by_capacity_invoicing,22_single_bom_split_by_capacity_invoicing,medium,A_pi,z-ai/glm-5.1,big,False,40.19,28,0,1170196,1003840,44146,0.619325,1021.35,finish,1a6af41c1e956a7e8002d1842644d340816ea274,A_pi__big__dev40__20260902T002458Z
2233_hard_23_restricted_subassembly_qualified_workcenters_screened_all_seeded,23_restricted_subassembly_qualified_workcenters_screened_all_seeded,hard,A_pi,z-ai/glm-5.1,big,False,3.87,54,0,2718239,2344960,70683,1.298957,1465.71,finish,1a6af41c1e956a7e8002d1842644d340816ea274,A_pi__big__dev40__20260902T002458Z
2235_hard_23_restricted_subassembly_qualified_workcenters_screened_all_seeded,23_restricted_subassembly_qualified_workcenters_screened_all_seeded,hard,A_pi,z-ai/glm-5.1,big,False,19.92,31,0,1880078,1538112,84562,1.125661,1761.98,finish,1a6af41c1e956a7e8002d1842644d340816ea274,A_pi__big__dev40__20260902T002458Z
2244_hard_24_single_subassembly_shared_overflow_capacity_screened_invoicing,24_single_subassembly_shared_overflow_capacity_screened_invoicing,hard,A_pi,z-ai/glm-5.1,big,False,67.73,43,0,1777188,1540352,45743,0.839998,1358.17,finish,1a6af41c1e956a7e8002d1842644d340816ea274,A_pi__big__dev40__20260902T002458Z
2249_hard_24_single_subassembly_shared_overflow_capacity_screened_invoicing,24_single_subassembly_shared_overflow_capacity_screened_invoicing,hard,A_pi,z-ai/glm-5.1,big,False,23.46,21,0,875364,509312,32303,0.708324,1030.61,finish,1a6af41c1e956a7e8002d1842644d340816ea274,A_pi__big__dev40__20260902T002458Z
2258_hard_25_shared_component_subassemblies_branch_assigned_screened_all_seeded,25_shared_component_subassemblies_branch_assigned_screened_all_seeded,hard,A_pi,z-ai/glm-5.1,big,False,22.09,41,0,2337900,2077504,52990,1.024075,1509.77,finish,1a6af41c1e956a7e8002d1842644d340816ea274,A_pi__big__dev40__20260902T002458Z
2259_hard_25_shared_component_subassemblies_branch_assigned_screened_all_seeded,25_shared_component_subassemblies_branch_assigned_screened_all_seeded,hard,A_pi,z-ai/glm-5.1,big,True,100.0,33,0,1161382,958784,37528,0.62824,927.92,finish,1a6af41c1e956a7e8002d1842644d340816ea274,A_pi__big__dev40__20260902T002458Z
2269_easy_26_buy_only_net_30_no_adjacent_data,26_buy_only_net_30_no_adjacent_data,easy,A_pi,z-ai/glm-5.1,big,True,100.0,14,0,175676,131392,17117,0.154327,354.86,finish,1a6af41c1e956a7e8002d1842644d340816ea274,A_pi__big__dev40__20260902T002458Z
2279_easy_repair_plan_easy,repair_plan_easy,easy,A_pi,z-ai/glm-5.1,big,True,100.0,21,0,336338,263680,20002,0.232458,282.3,finish,1a6af41c1e956a7e8002d1842644d340816ea274,A_pi__big__dev40__20260902T002458Z
2280_medium_repair_plan_medium,repair_plan_medium,medium,A_pi,z-ai/glm-5.1,big,True,100.0,25,0,486868,309376,33340,0.42806,484.0,finish,1a6af41c1e956a7e8002d1842644d340816ea274,A_pi__big__dev40__20260902T002458Z
2290_hard_repair_plan_hard,repair_plan_hard,hard,A_pi,z-ai/glm-5.1,big,False,22.86,52,0,3193876,2686528,97395,1.65359,1754.88,finish,1a6af41c1e956a7e8002d1842644d340816ea274,A_pi__big__dev40__20260902T002458Z
2004_easy_01_buy_only_baseline,01_buy_only_baseline,easy,A_pi,z-ai/glm-5.1,big,False,20.97,11,0,128837,84480,12813,0.126398,184.92,finish,d423c98fa6d4162b6258102ab7650c8dd4243a9d,A_pi__big__dev5__20260901T062640Z
2014_easy_02_buy_only_immediate_invoicing,02_buy_only_immediate_invoicing,easy,A_pi,z-ai/glm-5.1,big,True,100.0,10,0,144411,111104,13927,0.123116,199.63,finish,d423c98fa6d4162b6258102ab7650c8dd4243a9d,A_pi__big__dev5__20260901T062640Z
2017_easy_03_buy_only_fixed_downpayment,03_buy_only_fixed_downpayment,easy,A_pi,z-ai/glm-5.1,big,False,22.84,26,0,434856,374784,21957,0.25034,334.48,finish,d423c98fa6d4162b6258102ab7650c8dd4243a9d,A_pi__big__dev5__20260901T062640Z
2024_easy_04_buy_only_percentage_downpayment,04_buy_only_percentage_downpayment,easy,A_pi,z-ai/glm-5.1,big,True,100.0,25,0,597134,475136,27269,0.372885,379.26,finish,d423c98fa6d4162b6258102ab7650c8dd4243a9d,A_pi__big__dev5__20260901T062640Z
2035_medium_05_screened_buy_only_all_seeded,05_screened_buy_only_all_seeded,medium,A_pi,z-ai/glm-5.1,big,True,100.0,17,0,364256,229888,14389,0.280078,200.84,finish,d423c98fa6d4162b6258102ab7650c8dd4243a9d,A_pi__big__dev5__20260901T062640Z
2003_easy_01_buy_only_baseline,01_buy_only_baseline,easy,A_pi,z-ai/glm-5.1,big,True,100.0,11,0,165991,134144,12416,0.120684,165.98,finish,446b4c100427bee64c032d56e7bb0ca182871c12,A_pi__big__eval100__20260901T071739Z
2020_easy_03_buy_only_fixed_downpayment,03_buy_only_fixed_downpayment,easy,A_pi,z-ai/glm-5.1,big,True,100.0,23,0,379434,303616,18374,0.239338,257.7,finish,446b4c100427bee64c032d56e7bb0ca182871c12,A_pi__big__eval100__20260901T071739Z
2021_easy_03_buy_only_fixed_downpayment,03_buy_only_fixed_downpayment,easy,A_pi,z-ai/glm-5.1,big,False,97.5,22,0,652092,507392,32976,0.431637,460.14,finish,446b4c100427bee64c032d56e7bb0ca182871c12,A_pi__big__eval100__20260901T071739Z
2031_easy_04_buy_only_percentage_downpayment,04_buy_only_percentage_downpayment,easy,A_pi,z-ai/glm-5.1,big,True,100.0,21,0,291543,247040,18736,0.188076,320.62,finish,446b4c100427bee64c032d56e7bb0ca182871c12,A_pi__big__eval100__20260901T071739Z
2040_medium_05_screened_buy_only_all_seeded,05_screened_buy_only_all_seeded,medium,A_pi,z-ai/glm-5.1,big,True,100.0,12,0,233705,111616,11262,0.224548,160.98,finish,446b4c100427bee64c032d56e7bb0ca182871c12,A_pi__big__eval100__20260901T071739Z
2046_medium_06_screened_buy_only_mixed_seeded,06_screened_buy_only_mixed_seeded,medium,A_pi,z-ai/glm-5.1,big,True,100.0,10,0,170885,140288,10227,0.111879,132.77,finish,446b4c100427bee64c032d56e7bb0ca182871c12,A_pi__big__eval100__20260901T071739Z
2049_medium_06_screened_buy_only_mixed_seeded,06_screened_buy_only_mixed_seeded,medium,A_pi,z-ai/glm-5.1,big,True,100.0,14,0,344134,219648,31893,0.334546,397.64,finish,446b4c100427bee64c032d56e7bb0ca182871c12,A_pi__big__eval100__20260901T071739Z
2055_medium_07_screened_buy_only_mixed_seeded_invoicing,07_screened_buy_only_mixed_seeded_invoicing,medium,A_pi,z-ai/glm-5.1,big,True,100.0,15,0,293098,214016,19128,0.22547,225.28,finish,446b4c100427bee64c032d56e7bb0ca182871c12,A_pi__big__eval100__20260901T071739Z
2060_medium_07_screened_buy_only_mixed_seeded_invoicing,07_screened_buy_only_mixed_seeded_invoicing,medium,A_pi,z-ai/glm-5.1,big,True,100.0,23,0,394815,292352,16525,0.262953,257.75,finish,446b4c100427bee64c032d56e7bb0ca182871c12,A_pi__big__eval100__20260901T071739Z
2063_medium_07_screened_buy_only_mixed_seeded_invoicing,07_screened_buy_only_mixed_seeded_invoicing,medium,A_pi,z-ai/glm-5.1,big,True,100.0,11,0,170403,134976,11418,0.121438,333.41,finish,446b4c100427bee64c032d56e7bb0ca182871c12,A_pi__big__eval100__20260901T071739Z
2077_medium_09_single_bom_lowest_cost,09_single_bom_lowest_cost,medium,A_pi,z-ai/glm-5.1,big,False,98.69,44,0,2369954,1953152,73903,1.274864,1600.94,finish,446b4c100427bee64c032d56e7bb0ca182871c12,A_pi__big__eval100__20260901T071739Z
2080_medium_09_single_bom_lowest_cost,09_single_bom_lowest_cost,medium,A_pi,z-ai/glm-5.1,big,False,20.0,23,0,884356,713216,47963,0.572462,739.99,finish,446b4c100427bee64c032d56e7bb0ca182871c12,A_pi__big__eval100__20260901T071739Z
2087_medium_10_single_bom_split_by_capacity,10_single_bom_split_by_capacity,medium,A_pi,z-ai/glm-5.1,big,False,54.65,39,0,1577799,1354368,38048,0.749115,791.18,finish,446b4c100427bee64c032d56e7bb0ca182871c12,A_pi__big__eval100__20260901T071739Z
2091_medium_10_single_bom_split_by_capacity,10_single_bom_split_by_capacity,medium,A_pi,z-ai/glm-5.1,big,True,100.0,45,0,1551213,1160768,44107,0.938244,1507.1,finish,446b4c100427bee64c032d56e7bb0ca182871c12,A_pi__big__eval100__20260901T071739Z
2092_medium_10_single_bom_split_by_capacity,10_single_bom_split_by_capacity,medium,A_pi,z-ai/glm-5.1,big,True,100.0,40,0,1775692,1466880,50693,0.933097,1693.82,finish,446b4c100427bee64c032d56e7bb0ca182871c12,A_pi__big__eval100__20260901T071739Z
2094_medium_10_single_bom_split_by_capacity,10_single_bom_split_by_capacity,medium,A_pi,z-ai/glm-5.1,big,False,22.66,37,0,2926600,2499008,80229,1.441241,2260.46,finish,446b4c100427bee64c032d56e7bb0ca182871c12,A_pi__big__eval100__20260901T071739Z
2102_hard_11_restricted_subassembly_qualified_workcenters,11_restricted_subassembly_qualified_workcenters,hard,A_pi,z-ai/glm-5.1,big,False,19.09,46,0,2020289,1587136,83133,1.246369,2395.61,finish,446b4c100427bee64c032d56e7bb0ca182871c12,A_pi__big__eval100__20260901T071739Z
2112_medium_12_single_subassembly_lowest_cost,12_single_subassembly_lowest_cost,medium,A_pi,z-ai/glm-5.1,big,False,20.38,31,0,1160786,854400,46597,0.7705,1917.93,finish,446b4c100427bee64c032d56e7bb0ca182871c12,A_pi__big__eval100__20260901T071739Z
2121_medium_13_single_subassembly_qualified_workcenters,13_single_subassembly_qualified_workcenters,medium,A_pi,z-ai/glm-5.1,big,False,20.0,36,0,1730413,1273856,45562,1.05377,1137.71,finish,446b4c100427bee64c032d56e7bb0ca182871c12,A_pi__big__eval100__20260901T071739Z
2126_medium_13_single_subassembly_qualified_workcenters,13_single_subassembly_qualified_workcenters,medium,A_pi,z-ai/glm-5.1,big,False,20.0,70,0,5119551,4802176,99840,1.918968,1481.18,finish,446b4c100427bee64c032d56e7bb0ca182871c12,A_pi__big__eval100__20260901T071739Z
2129_medium_14_single_subassembly_shared_overflow_capacity,14_single_subassembly_shared_overflow_capacity,medium,A_pi,z-ai/glm-5.1,big,False,20.0,32,0,1788902,1533888,63584,0.93204,1135.35,finish,446b4c100427bee64c032d56e7bb0ca182871c12,A_pi__big__eval100__20260901T071739Z
2137_medium_14_single_subassembly_shared_overflow_capacity,14_single_subassembly_shared_overflow_capacity,medium,A_pi,z-ai/glm-5.1,big,False,20.38,36,0,1624062,1363712,54813,0.864209,786.28,finish,446b4c100427bee64c032d56e7bb0ca182871c12,A_pi__big__eval100__20260901T071739Z
2139_medium_14_single_subassembly_shared_overflow_capacity,14_single_subassembly_shared_overflow_capacity,medium,A_pi,z-ai/glm-5.1,big,False,20.0,32,0,1356592,1122624,60167,0.795755,867.68,finish,446b4c100427bee64c032d56e7bb0ca182871c12,A_pi__big__eval100__20260901T071739Z
2159_hard_16_serial_subassemblies_branch_assigned,16_serial_subassemblies_branch_assigned,hard,A_pi,z-ai/glm-5.1,big,False,22.92,45,0,2698564,2128704,67847,1.484814,1004.38,finish,446b4c100427bee64c032d56e7bb0ca182871c12,A_pi__big__eval100__20260901T071739Z
2166_hard_17_shared_component_subassemblies_branch_assigned,17_shared_component_subassemblies_branch_assigned,hard,A_pi,z-ai/glm-5.1,big,True,99.99,28,0,1352223,995072,58064,0.912791,1627.91,finish,446b4c100427bee64c032d56e7bb0ca182871c12,A_pi__big__eval100__20260901T071739Z
2176_medium_18_manufacture_only_policy_forbidden,18_manufacture_only_policy_forbidden,medium,A_pi,z-ai/glm-5.1,big,True,99.27,27,0,1191580,822464,45929,0.839422,1758.91,finish,446b4c100427bee64c032d56e7bb0ca182871c12,A_pi__big__eval100__20260901T071739Z
2179_medium_18_manufacture_only_policy_forbidden,18_manufacture_only_policy_forbidden,medium,A_pi,z-ai/glm-5.1,big,False,98.53,29,0,1267753,933888,48339,0.830622,718.92,finish,446b4c100427bee64c032d56e7bb0ca182871c12,A_pi__big__eval100__20260901T071739Z
2184_medium_19_manufacture_only_no_buy_route,19_manufacture_only_no_buy_route,medium,A_pi,z-ai/glm-5.1,big,False,94.75,37,0,1837937,1488960,56773,1.012949,1256.77,finish,446b4c100427bee64c032d56e7bb0ca182871c12,A_pi__big__eval100__20260901T071739Z
2187_medium_19_manufacture_only_no_buy_route,19_manufacture_only_no_buy_route,medium,A_pi,z-ai/glm-5.1,big,True,100.0,19,0,628833,522752,35467,0.396435,436.89,finish,446b4c100427bee64c032d56e7bb0ca182871c12,A_pi__big__eval100__20260901T071739Z
2188_medium_19_manufacture_only_no_buy_route,19_manufacture_only_no_buy_route,medium,A_pi,z-ai/glm-5.1,big,False,20.18,48,0,2202377,1866368,68605,1.131777,2852.46,finish,446b4c100427bee64c032d56e7bb0ca182871c12,A_pi__big__eval100__20260901T071739Z
2197_medium_20_manufacture_only_no_available_vendors,20_manufacture_only_no_available_vendors,medium,A_pi,z-ai/glm-5.1,big,True,99.12,17,0,650844,303616,51509,0.712529,988.5,finish,446b4c100427bee64c032d56e7bb0ca182871c12,A_pi__big__eval100__20260901T071739Z
2201_medium_20_manufacture_only_no_available_vendors,20_manufacture_only_no_available_vendors,medium,A_pi,z-ai/glm-5.1,big,False,20.18,30,0,1445002,1203904,49739,0.782463,704.47,finish,446b4c100427bee64c032d56e7bb0ca182871c12,A_pi__big__eval100__20260901T071739Z
2203_medium_20_manufacture_only_no_available_vendors,20_manufacture_only_no_available_vendors,medium,A_pi,z-ai/glm-5.1,big,False,98.21,27,0,902332,742144,40189,0.534647,601.74,finish,446b4c100427bee64c032d56e7bb0ca182871c12,A_pi__big__eval100__20260901T071739Z
2209_medium_21_single_bom_lowest_cost_screened_mixed_seeded,21_single_bom_lowest_cost_screened_mixed_seeded,medium,A_pi,z-ai/glm-5.1,big,True,100.0,26,0,684323,526848,36298,0.465441,478.25,finish,446b4c100427bee64c032d56e7bb0ca182871c12,A_pi__big__eval100__20260901T071739Z
2216_medium_21_single_bom_lowest_cost_screened_mixed_seeded,21_single_bom_lowest_cost_screened_mixed_seeded,medium,A_pi,z-ai/glm-5.1,big,True,100.0,27,0,1367958,988480,62398,0.956543,877.92,finish,446b4c100427bee64c032d56e7bb0ca182871c12,A_pi__big__eval100__20260901T071739Z
2225_medium_22_single_bom_split_by_capacity_invoicing,22_single_bom_split_by_capacity_invoicing,medium,A_pi,z-ai/glm-5.1,big,False,89.61,23,0,912850,554816,41827,0.746585,584.12,finish,446b4c100427bee64c032d56e7bb0ca182871c12,A_pi__big__eval100__20260901T071739Z
2228_medium_22_single_bom_split_by_capacity_invoicing,22_single_bom_split_by_capacity_invoicing,medium,A_pi,z-ai/glm-5.1,big,True,100.0,27,0,1325416,1065344,44938,0.754936,618.75,finish,446b4c100427bee64c032d56e7bb0ca182871c12,A_pi__big__eval100__20260901T071739Z
2230_hard_23_restricted_subassembly_qualified_workcenters_screened_all_seeded,23_restricted_subassembly_qualified_workcenters_screened_all_seeded,hard,A_pi,z-ai/glm-5.1,big,False,3.08,27,0,1691192,1244416,119061,1.325613,2573.53,finish,446b4c100427bee64c032d56e7bb0ca182871c12,A_pi__big__eval100__20260901T071739Z
2234_hard_23_restricted_subassembly_qualified_workcenters_screened_all_seeded,23_restricted_subassembly_qualified_workcenters_screened_all_seeded,hard,A_pi,z-ai/glm-5.1,big,False,20.77,34,0,1751689,1444864,51993,0.93059,1756.4,finish,446b4c100427bee64c032d56e7bb0ca182871c12,A_pi__big__eval100__20260901T071739Z
2241_hard_24_single_subassembly_shared_overflow_capacity_screened_invoicing,24_single_subassembly_shared_overflow_capacity_screened_invoicing,hard,A_pi,z-ai/glm-5.1,big,True,100.0,15,0,385191,295424,22771,0.272409,288.86,finish,446b4c100427bee64c032d56e7bb0ca182871c12,A_pi__big__eval100__20260901T071739Z
2247_hard_24_single_subassembly_shared_overflow_capacity_screened_invoicing,24_single_subassembly_shared_overflow_capacity_screened_invoicing,hard,A_pi,z-ai/glm-5.1,big,False,97.11,35,0,1100903,836096,31865,0.655489,438.6,finish,446b4c100427bee64c032d56e7bb0ca182871c12,A_pi__big__eval100__20260901T071739Z
2251_hard_25_shared_component_subassemblies_branch_assigned_screened_all_seeded,25_shared_component_subassemblies_branch_assigned_screened_all_seeded,hard,A_pi,z-ai/glm-5.1,big,False,22.67,16,0,595725,407744,53695,0.5449,666.23,finish,446b4c100427bee64c032d56e7bb0ca182871c12,A_pi__big__eval100__20260901T071739Z
2252_hard_25_shared_component_subassemblies_branch_assigned_screened_all_seeded,25_shared_component_subassemblies_branch_assigned_screened_all_seeded,hard,A_pi,z-ai/glm-5.1,big,False,23.2,28,0,1445351,1224896,65769,0.824844,1174.57,finish,446b4c100427bee64c032d56e7bb0ca182871c12,A_pi__big__eval100__20260901T071739Z
2260_hard_25_shared_component_subassemblies_branch_assigned_screened_all_seeded,25_shared_component_subassemblies_branch_assigned_screened_all_seeded,hard,A_pi,z-ai/glm-5.1,big,False,23.82,25,0,1253705,995264,52509,0.766463,708.27,finish,446b4c100427bee64c032d56e7bb0ca182871c12,A_pi__big__eval100__20260901T071739Z
2266_easy_26_buy_only_net_30_no_adjacent_data,26_buy_only_net_30_no_adjacent_data,easy,A_pi,z-ai/glm-5.1,big,True,100.0,28,0,329138,267264,12806,0.191213,197.82,finish,446b4c100427bee64c032d56e7bb0ca182871c12,A_pi__big__eval100__20260901T071739Z
2273_easy_repair_plan_easy,repair_plan_easy,easy,A_pi,z-ai/glm-5.1,big,False,21.09,20,0,596744,424960,27861,0.426218,405.43,finish,446b4c100427bee64c032d56e7bb0ca182871c12,A_pi__big__eval100__20260901T071739Z
2277_easy_repair_plan_easy,repair_plan_easy,easy,A_pi,z-ai/glm-5.1,big,True,100.0,14,0,284774,207360,27261,0.254017,368.54,finish,446b4c100427bee64c032d56e7bb0ca182871c12,A_pi__big__eval100__20260901T071739Z
2289_medium_repair_plan_medium,repair_plan_medium,medium,A_pi,z-ai/glm-5.1,big,True,99.01,25,0,748263,455744,35713,0.616642,538.14,finish,446b4c100427bee64c032d56e7bb0ca182871c12,A_pi__big__eval100__20260901T071739Z
2294_hard_repair_plan_hard,repair_plan_hard,hard,A_pi,z-ai/glm-5.1,big,False,20.38,54,0,3507426,3081664,103485,1.66737,1384.64,finish,446b4c100427bee64c032d56e7bb0ca182871c12,A_pi__big__eval100__20260901T071739Z
2002_easy_01_buy_only_baseline,01_buy_only_baseline,easy,A_pi,z-ai/glm-5.1,big,True,100.0,22,0,193400,33920,13313,0.261602,12939.62,finish,714623028e0ca8f1d435addb9e630662d593224f,A_pi__big__eval100__20260901T115715Z
2005_easy_01_buy_only_baseline,01_buy_only_baseline,easy,A_pi,z-ai/glm-5.1,big,False,20.97,29,0,381449,128256,24384,0.445596,13646.57,finish,714623028e0ca8f1d435addb9e630662d593224f,A_pi__big__eval100__20260901T115715Z
2008_easy_02_buy_only_immediate_invoicing,02_buy_only_immediate_invoicing,easy,A_pi,z-ai/glm-5.1,big,False,0.0,12,0,21448,14336,1786,0.019388,5816.18,finish,714623028e0ca8f1d435addb9e630662d593224f,A_pi__big__eval100__20260901T115715Z
2009_easy_02_buy_only_immediate_invoicing,02_buy_only_immediate_invoicing,easy,A_pi,z-ai/glm-5.1,big,False,0.0,9,0,25865,22144,4760,0.02872,5561.56,finish,714623028e0ca8f1d435addb9e630662d593224f,A_pi__big__eval100__20260901T115715Z
2012_easy_02_buy_only_immediate_invoicing,02_buy_only_immediate_invoicing,easy,A_pi,z-ai/glm-5.1,big,True,100.0,19,0,353179,277120,17661,0.230618,1174.67,finish,714623028e0ca8f1d435addb9e630662d593224f,A_pi__big__eval100__20260901T115715Z
2025_easy_04_buy_only_percentage_downpayment,04_buy_only_percentage_downpayment,easy,A_pi,z-ai/glm-5.1,big,True,100.0,13,0,127067,74048,15397,0.145103,1815.65,finish,714623028e0ca8f1d435addb9e630662d593224f,A_pi__big__eval100__20260901T115715Z
2027_easy_04_buy_only_percentage_downpayment,04_buy_only_percentage_downpayment,easy,A_pi,z-ai/glm-5.1,big,True,100.0,13,0,133872,58432,15147,0.16871,4676.13,finish,714623028e0ca8f1d435addb9e630662d593224f,A_pi__big__eval100__20260901T115715Z
2032_medium_05_screened_buy_only_all_seeded,05_screened_buy_only_all_seeded,medium,A_pi,z-ai/glm-5.1,big,False,0.0,9,0,8957,1344,772,0.012964,6105.31,finish,714623028e0ca8f1d435addb9e630662d593224f,A_pi__big__eval100__20260901T115715Z
2034_medium_05_screened_buy_only_all_seeded,05_screened_buy_only_all_seeded,medium,A_pi,z-ai/glm-5.1,big,True,100.0,12,0,101135,30464,12074,0.143987,3565.73,finish,714623028e0ca8f1d435addb9e630662d593224f,A_pi__big__eval100__20260901T115715Z
2044_medium_06_screened_buy_only_mixed_seeded,06_screened_buy_only_mixed_seeded,medium,A_pi,z-ai/glm-5.1,big,False,22.28,21,0,226444,71104,19893,0.291143,10401.48,finish,714623028e0ca8f1d435addb9e630662d593224f,A_pi__big__eval100__20260901T115715Z
2048_medium_06_screened_buy_only_mixed_seeded,06_screened_buy_only_mixed_seeded,medium,A_pi,z-ai/glm-5.1,big,True,100.0,24,0,180908,40832,13708,0.240334,8391.88,finish,714623028e0ca8f1d435addb9e630662d593224f,A_pi__big__eval100__20260901T115715Z
2053_medium_07_screened_buy_only_mixed_seeded_invoicing,07_screened_buy_only_mixed_seeded_invoicing,medium,A_pi,z-ai/glm-5.1,big,True,100.0,23,0,283357,32000,12478,0.373611,8120.1,finish,714623028e0ca8f1d435addb9e630662d593224f,A_pi__big__eval100__20260901T115715Z
2064_medium_08_single_bom_single_workcenter,08_single_bom_single_workcenter,medium,A_pi,z-ai/glm-5.1,big,False,0.0,39,0,723365,45440,25555,0.966016,19264.63,finish,714623028e0ca8f1d435addb9e630662d593224f,A_pi__big__eval100__20260901T115715Z
2067_medium_08_single_bom_single_workcenter,08_single_bom_single_workcenter,medium,A_pi,z-ai/glm-5.1,big,False,0.0,32,0,651869,53824,45831,0.947622,19422.41,timeout,714623028e0ca8f1d435addb9e630662d593224f,A_pi__big__eval100__20260901T115715Z
2073_medium_08_single_bom_single_workcenter,08_single_bom_single_workcenter,medium,A_pi,z-ai/glm-5.1,big,False,0.0,14,0,196791,168256,8862,0.11042,6611.4,finish,714623028e0ca8f1d435addb9e630662d593224f,A_pi__big__eval100__20260901T115715Z
2074_medium_08_single_bom_single_workcenter,08_single_bom_single_workcenter,medium,A_pi,z-ai/glm-5.1,big,False,19.55,41,0,1104948,354944,34242,1.16366,14774.19,timeout,714623028e0ca8f1d435addb9e630662d593224f,A_pi__big__eval100__20260901T115715Z
2076_medium_09_single_bom_lowest_cost,09_single_bom_lowest_cost,medium,A_pi,z-ai/glm-5.1,big,False,0.0,29,0,256885,95360,10613,0.267863,8789.06,finish,714623028e0ca8f1d435addb9e630662d593224f,A_pi__big__eval100__20260901T115715Z
2108_medium_12_single_subassembly_lowest_cost,12_single_subassembly_lowest_cost,medium,A_pi,z-ai/glm-5.1,big,False,0.0,12,0,68180,48064,6766,0.063386,5564.32,finish,714623028e0ca8f1d435addb9e630662d593224f,A_pi__big__eval100__20260901T115715Z
2114_medium_12_single_subassembly_lowest_cost,12_single_subassembly_lowest_cost,medium,A_pi,z-ai/glm-5.1,big,True,100.0,28,0,828229,127296,40632,1.073866,14241.75,finish,714623028e0ca8f1d435addb9e630662d593224f,A_pi__big__eval100__20260901T115715Z
2118_medium_13_single_subassembly_qualified_workcenters,13_single_subassembly_qualified_workcenters,medium,A_pi,z-ai/glm-5.1,big,False,0.0,23,0,290936,81856,25571,0.383856,11104.12,finish,714623028e0ca8f1d435addb9e630662d593224f,A_pi__big__eval100__20260901T115715Z
2136_medium_14_single_subassembly_shared_overflow_capacity,14_single_subassembly_shared_overflow_capacity,medium,A_pi,z-ai/glm-5.1,big,False,0.0,14,0,92801,52992,7294,0.091444,5557.52,finish,714623028e0ca8f1d435addb9e630662d593224f,A_pi__big__eval100__20260901T115715Z
2141_hard_15_parallel_subassemblies_branch_assigned,15_parallel_subassemblies_branch_assigned,hard,A_pi,z-ai/glm-5.1,big,False,0.0,11,0,65906,8064,4597,0.092972,6734.38,finish,714623028e0ca8f1d435addb9e630662d593224f,A_pi__big__eval100__20260901T115715Z
2148_hard_15_parallel_subassemblies_branch_assigned,15_parallel_subassemblies_branch_assigned,hard,A_pi,z-ai/glm-5.1,big,False,0.0,24,0,309466,210624,12839,0.224669,7566.37,finish,714623028e0ca8f1d435addb9e630662d593224f,A_pi__big__eval100__20260901T115715Z
2149_hard_15_parallel_subassemblies_branch_assigned,15_parallel_subassemblies_branch_assigned,hard,A_pi,z-ai/glm-5.1,big,False,0.0,33,0,605622,44352,41660,0.882552,18797.86,timeout,714623028e0ca8f1d435addb9e630662d593224f,A_pi__big__eval100__20260901T115715Z
2164_hard_17_shared_component_subassemblies_branch_assigned,17_shared_component_subassemblies_branch_assigned,hard,A_pi,z-ai/glm-5.1,big,False,0.0,15,0,54122,24320,5089,0.063394,9040.12,finish,714623028e0ca8f1d435addb9e630662d593224f,A_pi__big__eval100__20260901T115715Z
2169_hard_17_shared_component_subassemblies_branch_assigned,17_shared_component_subassemblies_branch_assigned,hard,A_pi,z-ai/glm-5.1,big,False,0.0,16,0,229659,15616,27818,0.383508,7837.49,finish,714623028e0ca8f1d435addb9e630662d593224f,A_pi__big__eval100__20260901T115715Z
2170_hard_17_shared_component_subassemblies_branch_assigned,17_shared_component_subassemblies_branch_assigned,hard,A_pi,z-ai/glm-5.1,big,False,0.0,20,0,223180,183488,5925,0.116411,5564.53,finish,714623028e0ca8f1d435addb9e630662d593224f,A_pi__big__eval100__20260901T115715Z
2174_medium_18_manufacture_only_policy_forbidden,18_manufacture_only_policy_forbidden,medium,A_pi,z-ai/glm-5.1,big,False,21.23,29,0,424365,25536,31678,0.633945,18567.09,timeout,714623028e0ca8f1d435addb9e630662d593224f,A_pi__big__eval100__20260901T115715Z
2213_medium_21_single_bom_lowest_cost_screened_mixed_seeded,21_single_bom_lowest_cost_screened_mixed_seeded,medium,A_pi,z-ai/glm-5.1,big,False,98.57,30,0,867042,201664,38349,1.037428,14239.58,finish,714623028e0ca8f1d435addb9e630662d593224f,A_pi__big__eval100__20260901T115715Z
2215_medium_21_single_bom_lowest_cost_screened_mixed_seeded,21_single_bom_lowest_cost_screened_mixed_seeded,medium,A_pi,z-ai/glm-5.1,big,False,0.0,16,0,137873,32256,15293,0.201186,9268.79,finish,714623028e0ca8f1d435addb9e630662d593224f,A_pi__big__eval100__20260901T115715Z
2226_medium_22_single_bom_split_by_capacity_invoicing,22_single_bom_split_by_capacity_invoicing,medium,A_pi,z-ai/glm-5.1,big,False,0.0,20,0,105788,88448,4263,0.059427,8781.66,finish,714623028e0ca8f1d435addb9e630662d593224f,A_pi__big__eval100__20260901T115715Z
2267_easy_26_buy_only_net_30_no_adjacent_data,26_buy_only_net_30_no_adjacent_data,easy,A_pi,z-ai/glm-5.1,big,True,100.0,46,0,716471,442944,17846,0.518963,11876.14,finish,714623028e0ca8f1d435addb9e630662d593224f,A_pi__big__eval100__20260901T115715Z
2270_easy_26_buy_only_net_30_no_adjacent_data,26_buy_only_net_30_no_adjacent_data,easy,A_pi,z-ai/glm-5.1,big,True,100.0,24,0,169584,36992,10524,0.217397,9913.03,finish,714623028e0ca8f1d435addb9e630662d593224f,A_pi__big__eval100__20260901T115715Z
2282_medium_repair_plan_medium,repair_plan_medium,medium,A_pi,z-ai/glm-5.1,big,False,98.36,51,0,1348799,849536,36300,0.971611,13324.89,finish,714623028e0ca8f1d435addb9e630662d593224f,A_pi__big__eval100__20260901T115715Z
2019_easy_03_buy_only_fixed_downpayment,03_buy_only_fixed_downpayment,easy,A_pi,z-ai/glm-5.1,big,True,100.0,21,0,476297,344896,26346,0.350601,3566.98,finish,8f68974bbf75ee29ca782b4d9b1b8b3c18e95a26,A_pi__big__eval100__20260901T213641Z
2081_medium_09_single_bom_lowest_cost,09_single_bom_lowest_cost,medium,A_pi,z-ai/glm-5.1,big,False,20.0,29,0,1305283,968576,59859,0.887939,4675.63,finish,8f68974bbf75ee29ca782b4d9b1b8b3c18e95a26,A_pi__big__eval100__20260901T213641Z
2098_hard_11_restricted_subassembly_qualified_workcenters,11_restricted_subassembly_qualified_workcenters,hard,A_pi,z-ai/glm-5.1,big,False,19.09,31,0,1898833,1634880,74310,1.00941,753.25,finish,8f68974bbf75ee29ca782b4d9b1b8b3c18e95a26,A_pi__big__eval100__20260901T213641Z
2105_hard_11_restricted_subassembly_qualified_workcenters,11_restricted_subassembly_qualified_workcenters,hard,A_pi,z-ai/glm-5.1,big,False,20.38,52,0,1665122,1268224,41065,0.959473,1325.6,finish,8f68974bbf75ee29ca782b4d9b1b8b3c18e95a26,A_pi__big__eval100__20260901T213641Z
2107_medium_12_single_subassembly_lowest_cost,12_single_subassembly_lowest_cost,medium,A_pi,z-ai/glm-5.1,big,True,100.0,23,0,820534,558144,41522,0.625644,698.65,finish,8f68974bbf75ee29ca782b4d9b1b8b3c18e95a26,A_pi__big__eval100__20260901T213641Z
2124_medium_13_single_subassembly_qualified_workcenters,13_single_subassembly_qualified_workcenters,medium,A_pi,z-ai/glm-5.1,big,False,19.55,45,0,2067100,1642240,47408,1.107343,4423.53,finish,8f68974bbf75ee29ca782b4d9b1b8b3c18e95a26,A_pi__big__eval100__20260901T213641Z
2155_hard_16_serial_subassemblies_branch_assigned,16_serial_subassemblies_branch_assigned,hard,A_pi,z-ai/glm-5.1,big,False,0.0,15,0,148848,97792,4822,0.106309,3072.54,finish,8f68974bbf75ee29ca782b4d9b1b8b3c18e95a26,A_pi__big__eval100__20260901T213641Z
2158_hard_16_serial_subassemblies_branch_assigned,16_serial_subassemblies_branch_assigned,hard,A_pi,z-ai/glm-5.1,big,True,100.0,31,0,1443721,1168768,71338,0.902431,3660.19,finish,8f68974bbf75ee29ca782b4d9b1b8b3c18e95a26,A_pi__big__eval100__20260901T213641Z
2177_medium_18_manufacture_only_policy_forbidden,18_manufacture_only_policy_forbidden,medium,A_pi,z-ai/glm-5.1,big,True,99.99,47,0,1714166,1467328,42685,0.823403,686.69,finish,8f68974bbf75ee29ca782b4d9b1b8b3c18e95a26,A_pi__big__eval100__20260901T213641Z
2198_medium_20_manufacture_only_no_available_vendors,20_manufacture_only_no_available_vendors,medium,A_pi,z-ai/glm-5.1,big,True,100.0,37,0,1181233,1017152,40586,0.605476,826.21,finish,8f68974bbf75ee29ca782b4d9b1b8b3c18e95a26,A_pi__big__eval100__20260901T213641Z
2218_medium_22_single_bom_split_by_capacity_invoicing,22_single_bom_split_by_capacity_invoicing,medium,A_pi,z-ai/glm-5.1,big,False,20.4,63,0,3528048,3032512,53684,1.546572,2825.31,finish,8f68974bbf75ee29ca782b4d9b1b8b3c18e95a26,A_pi__big__eval100__20260901T213641Z
2229_hard_23_restricted_subassembly_qualified_workcenters_screened_all_seeded,23_restricted_subassembly_qualified_workcenters_screened_all_seeded,hard,A_pi,z-ai/glm-5.1,big,False,20.38,39,0,1686929,1423616,55536,0.884823,4110.6,finish,8f68974bbf75ee29ca782b4d9b1b8b3c18e95a26,A_pi__big__eval100__20260901T213641Z
2248_hard_24_single_subassembly_shared_overflow_capacity_screened_invoicing,24_single_subassembly_shared_overflow_capacity_screened_invoicing,hard,A_pi,z-ai/glm-5.1,big,True,100.0,49,0,2167129,1981824,51273,0.900272,653.6,finish,8f68974bbf75ee29ca782b4d9b1b8b3c18e95a26,A_pi__big__eval100__20260901T213641Z
2274_easy_repair_plan_easy,repair_plan_easy,easy,A_pi,z-ai/glm-5.1,big,False,21.09,14,0,244478,178176,22058,0.212583,1188.73,finish,8f68974bbf75ee29ca782b4d9b1b8b3c18e95a26,A_pi__big__eval100__20260901T213641Z
2288_medium_repair_plan_medium,repair_plan_medium,medium,A_pi,z-ai/glm-5.1,big,False,24.38,39,0,1836145,1555008,81739,1.041791,4438.26,finish,8f68974bbf75ee29ca782b4d9b1b8b3c18e95a26,A_pi__big__eval100__20260901T213641Z
2293_hard_repair_plan_hard,repair_plan_hard,hard,A_pi,z-ai/glm-5.1,big,False,21.0,34,0,1972062,1741504,70773,0.978276,849.55,finish,8f68974bbf75ee29ca782b4d9b1b8b3c18e95a26,A_pi__big__eval100__20260901T213641Z
2297_hard_repair_plan_hard,repair_plan_hard,hard,A_pi,z-ai/glm-5.1,big,True,99.07,22,0,961305,511360,44566,0.86307,2072.43,finish,8f68974bbf75ee29ca782b4d9b1b8b3c18e95a26,A_pi__big__eval100__20260901T213641Z
2003_easy_01_buy_only_baseline,01_buy_only_baseline,easy,A_pi,qwen/qwen3-32b,small,False,0.0,2,0,6912,2816,6248,0.002077,257.81,finish,714623028e0ca8f1d435addb9e630662d593224f,A_pi__small__eval100__20260901T115723Z
2009_easy_02_buy_only_immediate_invoicing,02_buy_only_immediate_invoicing,easy,A_pi,qwen/qwen3-32b,small,False,0.0,18,0,50591,37840,23552,0.007615,2281.01,finish,714623028e0ca8f1d435addb9e630662d593224f,A_pi__small__eval100__20260901T115723Z
2020_easy_03_buy_only_fixed_downpayment,03_buy_only_fixed_downpayment,easy,A_pi,qwen/qwen3-32b,small,False,0.0,3,0,11465,6752,11172,0.003505,443.49,finish,714623028e0ca8f1d435addb9e630662d593224f,A_pi__small__eval100__20260901T115723Z
2021_easy_03_buy_only_fixed_downpayment,03_buy_only_fixed_downpayment,easy,A_pi,qwen/qwen3-32b,small,False,0.0,4,0,0,0,0,0.0,4828.58,finish,714623028e0ca8f1d435addb9e630662d593224f,A_pi__small__eval100__20260901T115723Z
2031_easy_04_buy_only_percentage_downpayment,04_buy_only_percentage_downpayment,easy,A_pi,qwen/qwen3-32b,small,False,0.0,5,0,6891,1408,5615,0.002011,2774.77,finish,714623028e0ca8f1d435addb9e630662d593224f,A_pi__small__eval100__20260901T115723Z
2040_medium_05_screened_buy_only_all_seeded,05_screened_buy_only_all_seeded,medium,A_pi,qwen/qwen3-32b,small,False,0.0,16,0,95679,78288,17552,0.006306,688.2,finish,714623028e0ca8f1d435addb9e630662d593224f,A_pi__small__eval100__20260901T115723Z
2044_medium_06_screened_buy_only_mixed_seeded,06_screened_buy_only_mixed_seeded,medium,A_pi,qwen/qwen3-32b,small,False,0.0,28,0,130939,82336,29760,0.012221,7426.61,finish,714623028e0ca8f1d435addb9e630662d593224f,A_pi__small__eval100__20260901T115723Z
2046_medium_06_screened_buy_only_mixed_seeded,06_screened_buy_only_mixed_seeded,medium,A_pi,qwen/qwen3-32b,small,False,19.57,2,0,6253,4256,6918,0.002097,261.64,finish,714623028e0ca8f1d435addb9e630662d593224f,A_pi__small__eval100__20260901T115723Z
2049_medium_06_screened_buy_only_mixed_seeded,06_screened_buy_only_mixed_seeded,medium,A_pi,qwen/qwen3-32b,small,False,0.0,34,0,186531,122432,27986,0.012964,7624.01,finish,714623028e0ca8f1d435addb9e630662d593224f,A_pi__small__eval100__20260901T115723Z
2055_medium_07_screened_buy_only_mixed_seeded_invoicing,07_screened_buy_only_mixed_seeded_invoicing,medium,A_pi,qwen/qwen3-32b,small,False,0.0,4,0,14426,11536,7754,0.002402,336.43,finish,714623028e0ca8f1d435addb9e630662d593224f,A_pi__small__eval100__20260901T115723Z
2060_medium_07_screened_buy_only_mixed_seeded_invoicing,07_screened_buy_only_mixed_seeded_invoicing,medium,A_pi,qwen/qwen3-32b,small,False,8.33,54,0,280994,158512,49838,0.023753,15911.38,finish,714623028e0ca8f1d435addb9e630662d593224f,A_pi__small__eval100__20260901T115723Z
2063_medium_07_screened_buy_only_mixed_seeded_invoicing,07_screened_buy_only_mixed_seeded_invoicing,medium,A_pi,qwen/qwen3-32b,small,False,0.0,4,0,0,0,0,0.0,3253.08,finish,714623028e0ca8f1d435addb9e630662d593224f,A_pi__small__eval100__20260901T115723Z
2073_medium_08_single_bom_single_workcenter,08_single_bom_single_workcenter,medium,A_pi,qwen/qwen3-32b,small,False,0.0,4,0,0,0,0,0.0,3612.67,finish,714623028e0ca8f1d435addb9e630662d593224f,A_pi__small__eval100__20260901T115723Z
2077_medium_09_single_bom_lowest_cost,09_single_bom_lowest_cost,medium,A_pi,qwen/qwen3-32b,small,False,0.0,18,0,101061,63120,20652,0.008818,906.65,finish,714623028e0ca8f1d435addb9e630662d593224f,A_pi__small__eval100__20260901T115723Z
2080_medium_09_single_bom_lowest_cost,09_single_bom_lowest_cost,medium,A_pi,qwen/qwen3-32b,small,False,0.0,2,0,7155,4352,6354,0.002003,275.17,finish,714623028e0ca8f1d435addb9e630662d593224f,A_pi__small__eval100__20260901T115723Z
2087_medium_10_single_bom_split_by_capacity,10_single_bom_split_by_capacity,medium,A_pi,qwen/qwen3-32b,small,False,0.0,4,0,0,0,0,0.0,3714.26,finish,714623028e0ca8f1d435addb9e630662d593224f,A_pi__small__eval100__20260901T115723Z
2091_medium_10_single_bom_split_by_capacity,10_single_bom_split_by_capacity,medium,A_pi,qwen/qwen3-32b,small,False,0.0,80,0,571088,334736,72776,0.039285,15685.47,timeout,714623028e0ca8f1d435addb9e630662d593224f,A_pi__small__eval100__20260901T115723Z
2092_medium_10_single_bom_split_by_capacity,10_single_bom_split_by_capacity,medium,A_pi,qwen/qwen3-32b,small,False,0.0,2,0,8122,2816,4700,0.00174,1363.46,finish,714623028e0ca8f1d435addb9e630662d593224f,A_pi__small__eval100__20260901T115723Z
2094_medium_10_single_bom_split_by_capacity,10_single_bom_split_by_capacity,medium,A_pi,qwen/qwen3-32b,small,False,0.0,4,0,0,0,0,0.0,3641.42,finish,714623028e0ca8f1d435addb9e630662d593224f,A_pi__small__eval100__20260901T115723Z
2102_hard_11_restricted_subassembly_qualified_workcenters,11_restricted_subassembly_qualified_workcenters,hard,A_pi,qwen/qwen3-32b,small,False,0.0,12,0,32812,19568,10302,0.003944,3878.29,finish,714623028e0ca8f1d435addb9e630662d593224f,A_pi__small__eval100__20260901T115723Z
2108_medium_12_single_subassembly_lowest_cost,12_single_subassembly_lowest_cost,medium,A_pi,qwen/qwen3-32b,small,False,0.0,18,0,103388,57136,24661,0.010605,5101.19,finish,714623028e0ca8f1d435addb9e630662d593224f,A_pi__small__eval100__20260901T115723Z
2112_medium_12_single_subassembly_lowest_cost,12_single_subassembly_lowest_cost,medium,A_pi,qwen/qwen3-32b,small,False,0.0,27,0,169630,94544,20367,0.01171,3983.27,finish,714623028e0ca8f1d435addb9e630662d593224f,A_pi__small__eval100__20260901T115723Z
2121_medium_13_single_subassembly_qualified_workcenters,13_single_subassembly_qualified_workcenters,medium,A_pi,qwen/qwen3-32b,small,False,0.0,41,0,259532,120560,40732,0.022523,7905.23,finish,714623028e0ca8f1d435addb9e630662d593224f,A_pi__small__eval100__20260901T115723Z
2126_medium_13_single_subassembly_qualified_workcenters,13_single_subassembly_qualified_workcenters,medium,A_pi,qwen/qwen3-32b,small,False,0.47,13,0,78847,68976,14002,0.00471,2422.59,finish,714623028e0ca8f1d435addb9e630662d593224f,A_pi__small__eval100__20260901T115723Z
2136_medium_14_single_subassembly_shared_overflow_capacity,14_single_subassembly_shared_overflow_capacity,medium,A_pi,qwen/qwen3-32b,small,False,0.0,9,0,24712,15600,5683,0.00232,2712.02,finish,714623028e0ca8f1d435addb9e630662d593224f,A_pi__small__eval100__20260901T115723Z
2137_medium_14_single_subassembly_shared_overflow_capacity,14_single_subassembly_shared_overflow_capacity,medium,A_pi,qwen/qwen3-32b,small,False,0.0,16,0,80579,59952,19624,0.007145,2617.88,finish,714623028e0ca8f1d435addb9e630662d593224f,A_pi__small__eval100__20260901T115723Z
2139_medium_14_single_subassembly_shared_overflow_capacity,14_single_subassembly_shared_overflow_capacity,medium,A_pi,qwen/qwen3-32b,small,False,0.0,31,0,162252,55968,40765,0.019917,15426.49,finish,714623028e0ca8f1d435addb9e630662d593224f,A_pi__small__eval100__20260901T115723Z
2148_hard_15_parallel_subassemblies_branch_assigned,15_parallel_subassemblies_branch_assigned,hard,A_pi,qwen/qwen3-32b,small,False,0.0,4,0,0,0,0,0.0,3381.07,finish,714623028e0ca8f1d435addb9e630662d593224f,A_pi__small__eval100__20260901T115723Z
2159_hard_16_serial_subassemblies_branch_assigned,16_serial_subassemblies_branch_assigned,hard,A_pi,qwen/qwen3-32b,small,False,0.0,20,0,74484,17728,19612,0.010032,9059.48,finish,714623028e0ca8f1d435addb9e630662d593224f,A_pi__small__eval100__20260901T115723Z
2166_hard_17_shared_component_subassemblies_branch_assigned,17_shared_component_subassemblies_branch_assigned,hard,A_pi,qwen/qwen3-32b,small,False,0.0,20,0,89851,61968,18524,0.007417,2018.85,finish,714623028e0ca8f1d435addb9e630662d593224f,A_pi__small__eval100__20260901T115723Z
2170_hard_17_shared_component_subassemblies_branch_assigned,17_shared_component_subassemblies_branch_assigned,hard,A_pi,qwen/qwen3-32b,small,False,0.0,6,0,37316,17808,9637,0.004259,400.85,finish,714623028e0ca8f1d435addb9e630662d593224f,A_pi__small__eval100__20260901T115723Z
2176_medium_18_manufacture_only_policy_forbidden,18_manufacture_only_policy_forbidden,medium,A_pi,qwen/qwen3-32b,small,False,0.0,27,0,126277,82048,18104,0.008607,9628.68,finish,714623028e0ca8f1d435addb9e630662d593224f,A_pi__small__eval100__20260901T115723Z
2179_medium_18_manufacture_only_policy_forbidden,18_manufacture_only_policy_forbidden,medium,A_pi,qwen/qwen3-32b,small,False,0.0,16,0,97008,83536,20099,0.006705,815.31,finish,714623028e0ca8f1d435addb9e630662d593224f,A_pi__small__eval100__20260901T115723Z
2184_medium_19_manufacture_only_no_buy_route,19_manufacture_only_no_buy_route,medium,A_pi,qwen/qwen3-32b,small,False,0.0,4,0,0,0,0,0.0,4305.88,finish,714623028e0ca8f1d435addb9e630662d593224f,A_pi__small__eval100__20260901T115723Z
2187_medium_19_manufacture_only_no_buy_route,19_manufacture_only_no_buy_route,medium,A_pi,qwen/qwen3-32b,small,False,12.28,24,0,50399,29472,25894,0.008924,13608.05,finish,714623028e0ca8f1d435addb9e630662d593224f,A_pi__small__eval100__20260901T115723Z
2197_medium_20_manufacture_only_no_available_vendors,20_manufacture_only_no_available_vendors,medium,A_pi,qwen/qwen3-32b,small,False,0.0,13,0,73522,45456,19700,0.007761,1640.13,finish,714623028e0ca8f1d435addb9e630662d593224f,A_pi__small__eval100__20260901T115723Z
2201_medium_20_manufacture_only_no_available_vendors,20_manufacture_only_no_available_vendors,medium,A_pi,qwen/qwen3-32b,small,False,0.0,11,0,48630,41600,15581,0.004925,547.88,finish,714623028e0ca8f1d435addb9e630662d593224f,A_pi__small__eval100__20260901T115723Z
2203_medium_20_manufacture_only_no_available_vendors,20_manufacture_only_no_available_vendors,medium,A_pi,qwen/qwen3-32b,small,False,0.0,2,0,6963,4288,8499,0.002594,360.28,finish,714623028e0ca8f1d435addb9e630662d593224f,A_pi__small__eval100__20260901T115723Z
2209_medium_21_single_bom_lowest_cost_screened_mixed_seeded,21_single_bom_lowest_cost_screened_mixed_seeded,medium,A_pi,qwen/qwen3-32b,small,False,0.0,3,0,7390,2816,4647,0.001667,1997.61,finish,714623028e0ca8f1d435addb9e630662d593224f,A_pi__small__eval100__20260901T115723Z
2215_medium_21_single_bom_lowest_cost_screened_mixed_seeded,21_single_bom_lowest_cost_screened_mixed_seeded,medium,A_pi,qwen/qwen3-32b,small,False,15.1,9,0,34280,26224,12714,0.004204,3968.98,finish,714623028e0ca8f1d435addb9e630662d593224f,A_pi__small__eval100__20260901T115723Z
2216_medium_21_single_bom_lowest_cost_screened_mixed_seeded,21_single_bom_lowest_cost_screened_mixed_seeded,medium,A_pi,qwen/qwen3-32b,small,False,7.76,18,0,79922,34176,15206,0.007917,7122.86,finish,714623028e0ca8f1d435addb9e630662d593224f,A_pi__small__eval100__20260901T115723Z
2225_medium_22_single_bom_split_by_capacity_invoicing,22_single_bom_split_by_capacity_invoicing,medium,A_pi,qwen/qwen3-32b,small,False,0.0,39,0,179691,85616,47110,0.020717,13556.36,finish,714623028e0ca8f1d435addb9e630662d593224f,A_pi__small__eval100__20260901T115723Z
2228_medium_22_single_bom_split_by_capacity_invoicing,22_single_bom_split_by_capacity_invoicing,medium,A_pi,qwen/qwen3-32b,small,False,0.0,8,0,31308,27344,13125,0.003992,512.37,finish,714623028e0ca8f1d435addb9e630662d593224f,A_pi__small__eval100__20260901T115723Z
2230_hard_23_restricted_subassembly_qualified_workcenters_screened_all_seeded,23_restricted_subassembly_qualified_workcenters_screened_all_seeded,hard,A_pi,qwen/qwen3-32b,small,False,0.0,22,0,80755,41024,21589,0.009223,7434.4,finish,714623028e0ca8f1d435addb9e630662d593224f,A_pi__small__eval100__20260901T115723Z
2234_hard_23_restricted_subassembly_qualified_workcenters_screened_all_seeded,23_restricted_subassembly_qualified_workcenters_screened_all_seeded,hard,A_pi,qwen/qwen3-32b,small,False,0.0,4,0,0,0,0,0.0,4608.91,finish,714623028e0ca8f1d435addb9e630662d593224f,A_pi__small__eval100__20260901T115723Z
2241_hard_24_single_subassembly_shared_overflow_capacity_screened_invoicing,24_single_subassembly_shared_overflow_capacity_screened_invoicing,hard,A_pi,qwen/qwen3-32b,small,False,0.0,4,0,0,0,0,0.0,3150.46,finish,714623028e0ca8f1d435addb9e630662d593224f,A_pi__small__eval100__20260901T115723Z
2247_hard_24_single_subassembly_shared_overflow_capacity_screened_invoicing,24_single_subassembly_shared_overflow_capacity_screened_invoicing,hard,A_pi,qwen/qwen3-32b,small,False,0.0,12,0,55980,44208,20571,0.006702,841.47,finish,714623028e0ca8f1d435addb9e630662d593224f,A_pi__small__eval100__20260901T115723Z
2251_hard_25_shared_component_subassemblies_branch_assigned_screened_all_seeded,25_shared_component_subassemblies_branch_assigned_screened_all_seeded,hard,A_pi,qwen/qwen3-32b,small,False,0.0,11,0,67067,60848,13694,0.004332,557.66,finish,714623028e0ca8f1d435addb9e630662d593224f,A_pi__small__eval100__20260901T115723Z
2252_hard_25_shared_component_subassemblies_branch_assigned_screened_all_seeded,25_shared_component_subassemblies_branch_assigned_screened_all_seeded,hard,A_pi,qwen/qwen3-32b,small,False,0.0,4,0,0,0,0,0.0,4833.18,finish,714623028e0ca8f1d435addb9e630662d593224f,A_pi__small__eval100__20260901T115723Z
2260_hard_25_shared_component_subassemblies_branch_assigned_screened_all_seeded,25_shared_component_subassemblies_branch_assigned_screened_all_seeded,hard,A_pi,qwen/qwen3-32b,small,False,0.21,17,0,95138,62528,21697,0.008684,2737.89,finish,714623028e0ca8f1d435addb9e630662d593224f,A_pi__small__eval100__20260901T115723Z
2266_easy_26_buy_only_net_30_no_adjacent_data,26_buy_only_net_30_no_adjacent_data,easy,A_pi,qwen/qwen3-32b,small,False,0.0,4,0,0,0,0,0.0,3926.19,finish,714623028e0ca8f1d435addb9e630662d593224f,A_pi__small__eval100__20260901T115723Z
2273_easy_repair_plan_easy,repair_plan_easy,easy,A_pi,qwen/qwen3-32b,small,False,17.19,12,0,51324,39936,19788,0.006452,3628.89,finish,714623028e0ca8f1d435addb9e630662d593224f,A_pi__small__eval100__20260901T115723Z
2277_easy_repair_plan_easy,repair_plan_easy,easy,A_pi,qwen/qwen3-32b,small,False,0.0,18,0,66502,53296,19417,0.006493,2475.06,finish,714623028e0ca8f1d435addb9e630662d593224f,A_pi__small__eval100__20260901T115723Z
2289_medium_repair_plan_medium,repair_plan_medium,medium,A_pi,qwen/qwen3-32b,small,False,0.0,7,0,25455,19808,7239,0.002479,225.56,finish,714623028e0ca8f1d435addb9e630662d593224f,A_pi__small__eval100__20260901T115723Z
2294_hard_repair_plan_hard,repair_plan_hard,hard,A_pi,qwen/qwen3-32b,small,False,0.0,7,0,25932,23184,5753,0.001831,211.87,finish,714623028e0ca8f1d435addb9e630662d593224f,A_pi__small__eval100__20260901T115723Z
2005_easy_01_buy_only_baseline,01_buy_only_baseline,easy,A_pi,qwen/qwen3-32b,small,False,0.0,20,0,120982,97952,19508,0.007305,873.65,finish,8f68974bbf75ee29ca782b4d9b1b8b3c18e95a26,A_pi__small__eval100__20260901T213647Z
2034_medium_05_screened_buy_only_all_seeded,05_screened_buy_only_all_seeded,medium,A_pi,qwen/qwen3-32b,small,False,0.0,16,0,86913,64624,19914,0.007359,817.85,finish,8f68974bbf75ee29ca782b4d9b1b8b3c18e95a26,A_pi__small__eval100__20260901T213647Z
2048_medium_06_screened_buy_only_mixed_seeded,06_screened_buy_only_mixed_seeded,medium,A_pi,qwen/qwen3-32b,small,False,0.0,14,0,76847,60576,19187,0.006674,678.1,finish,8f68974bbf75ee29ca782b4d9b1b8b3c18e95a26,A_pi__small__eval100__20260901T213647Z
2076_medium_09_single_bom_lowest_cost,09_single_bom_lowest_cost,medium,A_pi,qwen/qwen3-32b,small,False,0.47,18,0,110672,79632,18905,0.007777,800.56,finish,8f68974bbf75ee29ca782b4d9b1b8b3c18e95a26,A_pi__small__eval100__20260901T213647Z
2118_medium_13_single_subassembly_qualified_workcenters,13_single_subassembly_qualified_workcenters,medium,A_pi,qwen/qwen3-32b,small,False,0.0,2,0,8015,4464,7304,0.002329,238.08,finish,8f68974bbf75ee29ca782b4d9b1b8b3c18e95a26,A_pi__small__eval100__20260901T213647Z
2129_medium_14_single_subassembly_shared_overflow_capacity,14_single_subassembly_shared_overflow_capacity,medium,A_pi,qwen/qwen3-32b,small,False,0.0,2,0,7913,4448,5553,0.001832,215.99,finish,8f68974bbf75ee29ca782b4d9b1b8b3c18e95a26,A_pi__small__eval100__20260901T213647Z
2149_hard_15_parallel_subassemblies_branch_assigned,15_parallel_subassemblies_branch_assigned,hard,A_pi,qwen/qwen3-32b,small,False,0.0,16,0,97772,64544,20817,0.008487,880.37,finish,8f68974bbf75ee29ca782b4d9b1b8b3c18e95a26,A_pi__small__eval100__20260901T213647Z
2164_hard_17_shared_component_subassemblies_branch_assigned,17_shared_component_subassemblies_branch_assigned,hard,A_pi,qwen/qwen3-32b,small,False,0.0,10,0,35596,9232,12823,0.0057,3676.46,finish,8f68974bbf75ee29ca782b4d9b1b8b3c18e95a26,A_pi__small__eval100__20260901T213647Z
2174_medium_18_manufacture_only_policy_forbidden,18_manufacture_only_policy_forbidden,medium,A_pi,qwen/qwen3-32b,small,False,0.0,19,0,78561,68192,16347,0.005407,4081.18,finish,8f68974bbf75ee29ca782b4d9b1b8b3c18e95a26,A_pi__small__eval100__20260901T213647Z
2218_medium_22_single_bom_split_by_capacity_invoicing,22_single_bom_split_by_capacity_invoicing,medium,A_pi,qwen/qwen3-32b,small,False,0.0,42,0,321716,185232,32618,0.020052,4789.64,finish,8f68974bbf75ee29ca782b4d9b1b8b3c18e95a26,A_pi__small__eval100__20260901T213647Z
2270_easy_26_buy_only_net_30_no_adjacent_data,26_buy_only_net_30_no_adjacent_data,easy,A_pi,qwen/qwen3-32b,small,False,0.0,19,0,80174,55744,19344,0.007371,4301.88,finish,8f68974bbf75ee29ca782b4d9b1b8b3c18e95a26,A_pi__small__eval100__20260901T213647Z
2282_medium_repair_plan_medium,repair_plan_medium,medium,A_pi,qwen/qwen3-32b,small,False,0.0,26,0,125205,104016,19909,0.00727,3971.8,finish,8f68974bbf75ee29ca782b4d9b1b8b3c18e95a26,A_pi__small__eval100__20260901T213647Z
2002_easy_01_buy_only_baseline,01_buy_only_baseline,easy,B_bash,z-ai/glm-5.1,big,True,100.0,21,0,420509,376832,29903,0.290697,470.74,finish,0d8d11c923beeba873521aac54d2d446e5fdf0e6,B_bash__big__eval30__20260904T074309Z
2008_easy_02_buy_only_immediate_invoicing,02_buy_only_immediate_invoicing,easy,B_bash,z-ai/glm-5.1,big,False,97.5,26,0,924379,812544,48090,0.579426,739.41,finish,0d8d11c923beeba873521aac54d2d446e5fdf0e6,B_bash__big__eval30__20260904T074309Z
2020_easy_03_buy_only_fixed_downpayment,03_buy_only_fixed_downpayment,easy,B_bash,z-ai/glm-5.1,big,True,100.0,29,0,723180,670336,36173,0.40743,584.36,finish,0d8d11c923beeba873521aac54d2d446e5fdf0e6,B_bash__big__eval30__20260904T074309Z
2027_easy_04_buy_only_percentage_downpayment,04_buy_only_percentage_downpayment,easy,B_bash,z-ai/glm-5.1,big,True,100.0,29,0,1174913,1043584,54410,0.666469,926.16,finish,0d8d11c923beeba873521aac54d2d446e5fdf0e6,B_bash__big__eval30__20260904T074309Z
2032_medium_05_screened_buy_only_all_seeded,05_screened_buy_only_all_seeded,medium,B_bash,z-ai/glm-5.1,big,True,100.0,14,0,203271,171584,22151,0.186438,353.67,finish,0d8d11c923beeba873521aac54d2d446e5fdf0e6,B_bash__big__eval30__20260904T074309Z
2044_medium_06_screened_buy_only_mixed_seeded,06_screened_buy_only_mixed_seeded,medium,B_bash,z-ai/glm-5.1,big,False,22.28,30,0,1260370,1070080,60915,0.812653,1135.82,finish,0d8d11c923beeba873521aac54d2d446e5fdf0e6,B_bash__big__eval30__20260904T074309Z
2049_medium_06_screened_buy_only_mixed_seeded,06_screened_buy_only_mixed_seeded,medium,B_bash,z-ai/glm-5.1,big,False,22.64,23,0,514259,460672,47719,0.40476,738.14,finish,0d8d11c923beeba873521aac54d2d446e5fdf0e6,B_bash__big__eval30__20260904T074309Z
2063_medium_07_screened_buy_only_mixed_seeded_invoicing,07_screened_buy_only_mixed_seeded_invoicing,medium,B_bash,z-ai/glm-5.1,big,True,100.0,29,0,790533,718656,31335,0.425352,587.39,finish,0d8d11c923beeba873521aac54d2d446e5fdf0e6,B_bash__big__eval30__20260904T074309Z
2073_medium_08_single_bom_single_workcenter,08_single_bom_single_workcenter,medium,B_bash,z-ai/glm-5.1,big,False,20.42,39,0,2196868,1918016,83895,1.217714,1344.63,finish,0d8d11c923beeba873521aac54d2d446e5fdf0e6,B_bash__big__eval30__20260904T074309Z
2077_medium_09_single_bom_lowest_cost,09_single_bom_lowest_cost,medium,B_bash,z-ai/glm-5.1,big,False,20.38,28,0,1072823,979328,53683,0.621723,839.92,finish,0d8d11c923beeba873521aac54d2d446e5fdf0e6,B_bash__big__eval30__20260904T074309Z
2091_medium_10_single_bom_split_by_capacity,10_single_bom_split_by_capacity,medium,B_bash,z-ai/glm-5.1,big,True,100.0,33,0,795540,712384,64020,0.583326,996.44,finish,0d8d11c923beeba873521aac54d2d446e5fdf0e6,B_bash__big__eval30__20260904T074309Z
2098_hard_11_restricted_subassembly_qualified_workcenters,11_restricted_subassembly_qualified_workcenters,hard,B_bash,z-ai/glm-5.1,big,False,19.09,43,0,1414519,1124672,168831,1.433176,2488.16,finish,0d8d11c923beeba873521aac54d2d446e5fdf0e6,B_bash__big__eval30__20260904T074309Z
2107_medium_12_single_subassembly_lowest_cost,12_single_subassembly_lowest_cost,medium,B_bash,z-ai/glm-5.1,big,False,20.0,28,0,985651,879488,48649,0.591351,742.73,finish,0d8d11c923beeba873521aac54d2d446e5fdf0e6,B_bash__big__eval30__20260904T074309Z
2114_medium_12_single_subassembly_lowest_cost,12_single_subassembly_lowest_cost,medium,B_bash,z-ai/glm-5.1,big,True,100.0,29,0,918953,835968,47032,0.540471,683.16,finish,0d8d11c923beeba873521aac54d2d446e5fdf0e6,B_bash__big__eval30__20260904T074309Z
2126_medium_13_single_subassembly_qualified_workcenters,13_single_subassembly_qualified_workcenters,medium,B_bash,z-ai/glm-5.1,big,False,20.0,33,0,1630787,1484352,49818,0.81014,858.32,finish,0d8d11c923beeba873521aac54d2d446e5fdf0e6,B_bash__big__eval30__20260904T074309Z
2137_medium_14_single_subassembly_shared_overflow_capacity,14_single_subassembly_shared_overflow_capacity,medium,B_bash,z-ai/glm-5.1,big,False,20.38,19,0,416054,347712,50318,0.407483,795.0,finish,0d8d11c923beeba873521aac54d2d446e5fdf0e6,B_bash__big__eval30__20260904T074309Z
2141_hard_15_parallel_subassemblies_branch_assigned,15_parallel_subassemblies_branch_assigned,hard,B_bash,z-ai/glm-5.1,big,True,100.0,36,0,2071879,1748352,75508,1.200691,1174.45,finish,0d8d11c923beeba873521aac54d2d446e5fdf0e6,B_bash__big__eval30__20260904T074309Z
2155_hard_16_serial_subassemblies_branch_assigned,16_serial_subassemblies_branch_assigned,hard,B_bash,z-ai/glm-5.1,big,False,23.11,60,0,2043939,1809088,131576,1.322716,2177.53,finish,0d8d11c923beeba873521aac54d2d446e5fdf0e6,B_bash__big__eval30__20260904T074309Z
2164_hard_17_shared_component_subassemblies_branch_assigned,17_shared_component_subassemblies_branch_assigned,hard,B_bash,z-ai/glm-5.1,big,False,23.18,34,0,1086886,920512,115169,0.979,1605.32,finish,0d8d11c923beeba873521aac54d2d446e5fdf0e6,B_bash__big__eval30__20260904T074309Z
2170_hard_17_shared_component_subassemblies_branch_assigned,17_shared_component_subassemblies_branch_assigned,hard,B_bash,z-ai/glm-5.1,big,False,23.24,42,0,1711315,1300160,149220,1.535514,2252.9,finish,0d8d11c923beeba873521aac54d2d446e5fdf0e6,B_bash__big__eval30__20260904T074309Z
2176_medium_18_manufacture_only_policy_forbidden,18_manufacture_only_policy_forbidden,medium,B_bash,z-ai/glm-5.1,big,True,100.0,35,0,1294533,1078208,92756,0.991315,1489.89,finish,0d8d11c923beeba873521aac54d2d446e5fdf0e6,B_bash__big__eval30__20260904T074309Z
2187_medium_19_manufacture_only_no_buy_route,19_manufacture_only_no_buy_route,medium,B_bash,z-ai/glm-5.1,big,False,20.16,46,0,1931875,1731392,67491,1.027799,1229.73,finish,0d8d11c923beeba873521aac54d2d446e5fdf0e6,B_bash__big__eval30__20260904T074309Z
2198_medium_20_manufacture_only_no_available_vendors,20_manufacture_only_no_available_vendors,medium,B_bash,z-ai/glm-5.1,big,False,23.13,51,0,3092792,2692672,86081,1.587864,1325.56,token_cap,0d8d11c923beeba873521aac54d2d446e5fdf0e6,B_bash__big__eval30__20260904T074309Z
2209_medium_21_single_bom_lowest_cost_screened_mixed_seeded,21_single_bom_lowest_cost_screened_mixed_seeded,medium,B_bash,z-ai/glm-5.1,big,False,98.17,25,0,705879,615104,45245,0.48609,690.76,finish,0d8d11c923beeba873521aac54d2d446e5fdf0e6,B_bash__big__eval30__20260904T074309Z
2218_medium_22_single_bom_split_by_capacity_invoicing,22_single_bom_split_by_capacity_invoicing,medium,B_bash,z-ai/glm-5.1,big,False,22.8,37,0,1296256,1137728,64874,0.767696,1055.96,finish,0d8d11c923beeba873521aac54d2d446e5fdf0e6,B_bash__big__eval30__20260904T074309Z
2228_medium_22_single_bom_split_by_capacity_invoicing,22_single_bom_split_by_capacity_invoicing,medium,B_bash,z-ai/glm-5.1,big,False,22.6,62,0,2899136,2608064,92582,1.436258,1581.06,finish,0d8d11c923beeba873521aac54d2d446e5fdf0e6,B_bash__big__eval30__20260904T074309Z
2234_hard_23_restricted_subassembly_qualified_workcenters_screened_all_seeded,23_restricted_subassembly_qualified_workcenters_screened_all_seeded,hard,B_bash,z-ai/glm-5.1,big,False,20.77,42,0,1092178,801600,158699,1.303753,2425.42,finish,0d8d11c923beeba873521aac54d2d446e5fdf0e6,B_bash__big__eval30__20260904T074309Z
2248_hard_24_single_subassembly_shared_overflow_capacity_screened_invoicing,24_single_subassembly_shared_overflow_capacity_screened_invoicing,hard,B_bash,z-ai/glm-5.1,big,False,21.81,39,0,2092967,1911232,70011,1.029564,1105.36,finish,0d8d11c923beeba873521aac54d2d446e5fdf0e6,B_bash__big__eval30__20260904T074309Z
2260_hard_25_shared_component_subassemblies_branch_assigned_screened_all_seeded,25_shared_component_subassemblies_branch_assigned_screened_all_seeded,hard,B_bash,z-ai/glm-5.1,big,False,22.64,48,0,1384293,1116352,148306,1.317915,2279.26,finish,0d8d11c923beeba873521aac54d2d446e5fdf0e6,B_bash__big__eval30__20260904T074309Z
2270_easy_26_buy_only_net_30_no_adjacent_data,26_buy_only_net_30_no_adjacent_data,easy,B_bash,z-ai/glm-5.1,big,True,100.0,23,0,456537,417216,25527,0.275844,386.48,finish,0d8d11c923beeba873521aac54d2d446e5fdf0e6,B_bash__big__eval30__20260904T074309Z
2004_easy_01_buy_only_baseline,01_buy_only_baseline,easy,C_full,z-ai/glm-5.1,big,True,100.0,28,0,918953,642752,72667,0.852876,1244.77,finish,9941429f1a492c2e21ce93e3e7c46a16a9e21a37,C_full__big__dev10__20260909T075250Z
2014_easy_02_buy_only_immediate_invoicing,02_buy_only_immediate_invoicing,easy,C_full,z-ai/glm-5.1,big,True,100.0,14,0,654577,485056,78769,0.710028,1341.55,finish,9941429f1a492c2e21ce93e3e7c46a16a9e21a37,C_full__big__dev10__20260909T075250Z
2017_easy_03_buy_only_fixed_downpayment,03_buy_only_fixed_downpayment,easy,C_full,z-ai/glm-5.1,big,False,23.28,51,0,1450381,1338752,100382,0.946037,1680.06,finish,9941429f1a492c2e21ce93e3e7c46a16a9e21a37,C_full__big__dev10__20260909T075250Z
2024_easy_04_buy_only_percentage_downpayment,04_buy_only_percentage_downpayment,easy,C_full,z-ai/glm-5.1,big,True,100.0,32,0,1336099,1045760,96101,1.101217,1541.61,finish,9941429f1a492c2e21ce93e3e7c46a16a9e21a37,C_full__big__dev10__20260909T075250Z
2035_medium_05_screened_buy_only_all_seeded,05_screened_buy_only_all_seeded,medium,C_full,z-ai/glm-5.1,big,True,100.0,14,0,300680,273664,17958,0.18799,326.92,finish,9941429f1a492c2e21ce93e3e7c46a16a9e21a37,C_full__big__dev10__20260909T075250Z
2050_medium_06_screened_buy_only_mixed_seeded,06_screened_buy_only_mixed_seeded,medium,C_full,z-ai/glm-5.1,big,True,100.0,19,0,395881,338304,55764,0.413928,878.11,finish,9941429f1a492c2e21ce93e3e7c46a16a9e21a37,C_full__big__dev10__20260909T075250Z
2058_medium_07_screened_buy_only_mixed_seeded_invoicing,07_screened_buy_only_mixed_seeded_invoicing,medium,C_full,z-ai/glm-5.1,big,True,100.0,17,0,526580,461632,28738,0.337399,526.03,finish,9941429f1a492c2e21ce93e3e7c46a16a9e21a37,C_full__big__dev10__20260909T075250Z
2070_medium_08_single_bom_single_workcenter,08_single_bom_single_workcenter,medium,C_full,z-ai/glm-5.1,big,False,90.68,26,0,756377,618752,71252,0.667059,1224.03,finish,9941429f1a492c2e21ce93e3e7c46a16a9e21a37,C_full__big__dev10__20260909T075250Z
2075_medium_09_single_bom_lowest_cost,09_single_bom_lowest_cost,medium,C_full,z-ai/glm-5.1,big,True,100.0,29,0,1227339,1053440,86028,0.895876,1350.59,finish,9941429f1a492c2e21ce93e3e7c46a16a9e21a37,C_full__big__dev10__20260909T075250Z
2086_medium_10_single_bom_split_by_capacity,10_single_bom_split_by_capacity,medium,C_full,z-ai/glm-5.1,big,False,40.0,44,0,1976928,1639040,135335,1.494668,2285.59,finish,9941429f1a492c2e21ce93e3e7c46a16a9e21a37,C_full__big__dev10__20260909T075250Z
2004_easy_01_buy_only_baseline,01_buy_only_baseline,easy,C_full,z-ai/glm-5.1,big,True,100.0,34,0,1382899,1190080,91927,0.638516,1662.2,finish,8f2e099af9b77e592efa3ed4f7c9380a5dac62ee,C_full__big__dev40__20260902T182723Z
2014_easy_02_buy_only_immediate_invoicing,02_buy_only_immediate_invoicing,easy,C_full,z-ai/glm-5.1,big,False,15.91,17,0,685594,559232,67860,0.620891,1024.6,finish,8f2e099af9b77e592efa3ed4f7c9380a5dac62ee,C_full__big__dev40__20260902T182723Z
2017_easy_03_buy_only_fixed_downpayment,03_buy_only_fixed_downpayment,easy,C_full,z-ai/glm-5.1,big,True,100.0,39,0,1220879,1043008,94764,0.608219,1343.02,finish,8f2e099af9b77e592efa3ed4f7c9380a5dac62ee,C_full__big__dev40__20260902T182723Z
2024_easy_04_buy_only_percentage_downpayment,04_buy_only_percentage_downpayment,easy,C_full,z-ai/glm-5.1,big,True,100.0,31,0,1120031,1001856,102439,0.876659,1649.36,finish,8f2e099af9b77e592efa3ed4f7c9380a5dac62ee,C_full__big__dev40__20260902T182723Z
2035_medium_05_screened_buy_only_all_seeded,05_screened_buy_only_all_seeded,medium,C_full,z-ai/glm-5.1,big,True,100.0,14,0,469077,352064,36796,0.295099,1265.16,finish,8f2e099af9b77e592efa3ed4f7c9380a5dac62ee,C_full__big__dev40__20260902T182723Z
2039_medium_05_screened_buy_only_all_seeded,05_screened_buy_only_all_seeded,medium,C_full,z-ai/glm-5.1,big,True,100.0,11,0,339976,300352,31794,0.177475,505.71,finish,8f2e099af9b77e592efa3ed4f7c9380a5dac62ee,C_full__big__dev40__20260902T182723Z
2042_medium_06_screened_buy_only_mixed_seeded,06_screened_buy_only_mixed_seeded,medium,C_full,z-ai/glm-5.1,big,True,100.0,15,0,434411,399232,26509,0.175029,396.01,finish,8f2e099af9b77e592efa3ed4f7c9380a5dac62ee,C_full__big__dev40__20260902T182723Z
2050_medium_06_screened_buy_only_mixed_seeded,06_screened_buy_only_mixed_seeded,medium,C_full,z-ai/glm-5.1,big,True,100.0,18,0,329131,289472,21450,0.225165,361.63,finish,8f2e099af9b77e592efa3ed4f7c9380a5dac62ee,C_full__big__dev40__20260902T182723Z
2057_medium_07_screened_buy_only_mixed_seeded_invoicing,07_screened_buy_only_mixed_seeded_invoicing,medium,C_full,z-ai/glm-5.1,big,True,100.0,22,0,419979,379840,20584,0.245523,365.86,finish,8f2e099af9b77e592efa3ed4f7c9380a5dac62ee,C_full__big__dev40__20260902T182723Z
2058_medium_07_screened_buy_only_mixed_seeded_invoicing,07_screened_buy_only_mixed_seeded_invoicing,medium,C_full,z-ai/glm-5.1,big,True,100.0,21,0,427579,385984,20000,0.160036,341.01,finish,8f2e099af9b77e592efa3ed4f7c9380a5dac62ee,C_full__big__dev40__20260902T182723Z
2065_medium_08_single_bom_single_workcenter,08_single_bom_single_workcenter,medium,C_full,z-ai/glm-5.1,big,True,100.0,19,0,477032,409664,47970,0.26732,706.43,finish,8f2e099af9b77e592efa3ed4f7c9380a5dac62ee,C_full__big__dev40__20260902T182723Z
2070_medium_08_single_bom_single_workcenter,08_single_bom_single_workcenter,medium,C_full,z-ai/glm-5.1,big,False,90.68,33,0,903897,772992,96093,0.523778,1349.42,finish,8f2e099af9b77e592efa3ed4f7c9380a5dac62ee,C_full__big__dev40__20260902T182723Z
2075_medium_09_single_bom_lowest_cost,09_single_bom_lowest_cost,medium,C_full,z-ai/glm-5.1,big,True,100.0,21,0,640054,537216,63022,0.560946,972.91,finish,8f2e099af9b77e592efa3ed4f7c9380a5dac62ee,C_full__big__dev40__20260902T182723Z
2086_medium_10_single_bom_split_by_capacity,10_single_bom_split_by_capacity,medium,C_full,z-ai/glm-5.1,big,False,40.0,33,0,1406034,946816,99725,1.327867,3063.25,finish,8f2e099af9b77e592efa3ed4f7c9380a5dac62ee,C_full__big__dev40__20260902T182723Z
2097_hard_11_restricted_subassembly_qualified_workcenters,11_restricted_subassembly_qualified_workcenters,hard,C_full,z-ai/glm-5.1,big,True,100.0,43,0,1334862,1189312,80275,0.562165,1157.26,finish,8f2e099af9b77e592efa3ed4f7c9380a5dac62ee,C_full__big__dev40__20260902T182723Z
2109_medium_12_single_subassembly_lowest_cost,12_single_subassembly_lowest_cost,medium,C_full,z-ai/glm-5.1,big,True,100.0,27,0,698121,604096,65851,0.37541,1432.32,finish,8f2e099af9b77e592efa3ed4f7c9380a5dac62ee,C_full__big__dev40__20260902T182723Z
2122_medium_13_single_subassembly_qualified_workcenters,13_single_subassembly_qualified_workcenters,medium,C_full,z-ai/glm-5.1,big,True,100.0,26,0,871126,759296,92494,0.493858,1282.45,finish,8f2e099af9b77e592efa3ed4f7c9380a5dac62ee,C_full__big__dev40__20260902T182723Z
2130_medium_14_single_subassembly_shared_overflow_capacity,14_single_subassembly_shared_overflow_capacity,medium,C_full,z-ai/glm-5.1,big,True,99.28,37,0,1138179,963968,110162,0.97924,1685.97,finish,8f2e099af9b77e592efa3ed4f7c9380a5dac62ee,C_full__big__dev40__20260902T182723Z
2147_hard_15_parallel_subassemblies_branch_assigned,15_parallel_subassemblies_branch_assigned,hard,C_full,z-ai/glm-5.1,big,True,100.0,17,0,529164,302016,91097,0.517485,4674.03,finish,8f2e099af9b77e592efa3ed4f7c9380a5dac62ee,C_full__big__dev40__20260902T182723Z
2156_hard_16_serial_subassemblies_branch_assigned,16_serial_subassemblies_branch_assigned,hard,C_full,z-ai/glm-5.1,big,True,99.42,43,0,1229764,1047360,89024,0.697138,2938.66,finish,8f2e099af9b77e592efa3ed4f7c9380a5dac62ee,C_full__big__dev40__20260902T182723Z
2167_hard_17_shared_component_subassemblies_branch_assigned,17_shared_component_subassemblies_branch_assigned,hard,C_full,z-ai/glm-5.1,big,False,96.5,48,0,1842556,1603136,142257,1.09104,3619.22,finish,8f2e099af9b77e592efa3ed4f7c9380a5dac62ee,C_full__big__dev40__20260902T182723Z
2180_medium_18_manufacture_only_policy_forbidden,18_manufacture_only_policy_forbidden,medium,C_full,z-ai/glm-5.1,big,True,99.0,30,0,1066339,879296,95564,0.591212,1339.9,finish,8f2e099af9b77e592efa3ed4f7c9380a5dac62ee,C_full__big__dev40__20260902T182723Z
2190_medium_19_manufacture_only_no_buy_route,19_manufacture_only_no_buy_route,medium,C_full,z-ai/glm-5.1,big,True,100.0,33,0,724870,666816,43999,0.448243,807.48,finish,8f2e099af9b77e592efa3ed4f7c9380a5dac62ee,C_full__big__dev40__20260902T182723Z
2192_medium_19_manufacture_only_no_buy_route,19_manufacture_only_no_buy_route,medium,C_full,z-ai/glm-5.1,big,True,100.0,36,0,1092484,1003648,59444,0.646872,1455.71,finish,8f2e099af9b77e592efa3ed4f7c9380a5dac62ee,C_full__big__dev40__20260902T182723Z
2196_medium_20_manufacture_only_no_available_vendors,20_manufacture_only_no_available_vendors,medium,C_full,z-ai/glm-5.1,big,True,100.0,34,0,1132144,1006272,108898,0.595135,1508.72,finish,8f2e099af9b77e592efa3ed4f7c9380a5dac62ee,C_full__big__dev40__20260902T182723Z
2204_medium_20_manufacture_only_no_available_vendors,20_manufacture_only_no_available_vendors,medium,C_full,z-ai/glm-5.1,big,False,23.13,70,0,2292868,2082752,73506,0.752259,4066.77,finish,8f2e099af9b77e592efa3ed4f7c9380a5dac62ee,C_full__big__dev40__20260902T182723Z
2208_medium_21_single_bom_lowest_cost_screened_mixed_seeded,21_single_bom_lowest_cost_screened_mixed_seeded,medium,C_full,z-ai/glm-5.1,big,True,100.0,22,0,1077706,806656,70127,0.582646,1056.58,finish,8f2e099af9b77e592efa3ed4f7c9380a5dac62ee,C_full__big__dev40__20260902T182723Z
2214_medium_21_single_bom_lowest_cost_screened_mixed_seeded,21_single_bom_lowest_cost_screened_mixed_seeded,medium,C_full,z-ai/glm-5.1,big,True,100.0,19,0,640622,553600,69133,0.569952,1360.29,finish,8f2e099af9b77e592efa3ed4f7c9380a5dac62ee,C_full__big__dev40__20260902T182723Z
2217_medium_22_single_bom_split_by_capacity_invoicing,22_single_bom_split_by_capacity_invoicing,medium,C_full,z-ai/glm-5.1,big,False,15.13,49,0,1618113,1434496,103067,0.703209,7169.66,finish,8f2e099af9b77e592efa3ed4f7c9380a5dac62ee,C_full__big__dev40__20260902T182723Z
2221_medium_22_single_bom_split_by_capacity_invoicing,22_single_bom_split_by_capacity_invoicing,medium,C_full,z-ai/glm-5.1,big,False,23.8,33,0,1017927,850752,92055,0.558323,3486.99,finish,8f2e099af9b77e592efa3ed4f7c9380a5dac62ee,C_full__big__dev40__20260902T182723Z
2233_hard_23_restricted_subassembly_qualified_workcenters_screened_all_seeded,23_restricted_subassembly_qualified_workcenters_screened_all_seeded,hard,C_full,z-ai/glm-5.1,big,False,21.13,27,0,1049786,734016,124967,1.182777,3419.69,finish,8f2e099af9b77e592efa3ed4f7c9380a5dac62ee,C_full__big__dev40__20260902T182723Z
2235_hard_23_restricted_subassembly_qualified_workcenters_screened_all_seeded,23_restricted_subassembly_qualified_workcenters_screened_all_seeded,hard,C_full,z-ai/glm-5.1,big,False,0.0,52,0,1326392,1091456,161909,0.859982,7432.87,loop,8f2e099af9b77e592efa3ed4f7c9380a5dac62ee,C_full__big__dev40__20260902T182723Z
2244_hard_24_single_subassembly_shared_overflow_capacity_screened_invoicing,24_single_subassembly_shared_overflow_capacity_screened_invoicing,hard,C_full,z-ai/glm-5.1,big,False,16.85,43,0,1202408,1076160,160932,1.16465,2180.51,finish,8f2e099af9b77e592efa3ed4f7c9380a5dac62ee,C_full__big__dev40__20260902T182723Z
2249_hard_24_single_subassembly_shared_overflow_capacity_screened_invoicing,24_single_subassembly_shared_overflow_capacity_screened_invoicing,hard,C_full,z-ai/glm-5.1,big,False,94.8,66,0,2421775,2141120,195526,1.809923,3621.5,finish,8f2e099af9b77e592efa3ed4f7c9380a5dac62ee,C_full__big__dev40__20260902T182723Z
2258_hard_25_shared_component_subassemblies_branch_assigned_screened_all_seeded,25_shared_component_subassemblies_branch_assigned_screened_all_seeded,hard,C_full,z-ai/glm-5.1,big,True,100.0,22,0,797403,637056,97623,0.819662,1462.03,finish,8f2e099af9b77e592efa3ed4f7c9380a5dac62ee,C_full__big__dev40__20260902T182723Z
2259_hard_25_shared_component_subassemblies_branch_assigned_screened_all_seeded,25_shared_component_subassemblies_branch_assigned_screened_all_seeded,hard,C_full,z-ai/glm-5.1,big,False,98.97,23,0,891293,779328,101836,0.524038,1366.47,finish,8f2e099af9b77e592efa3ed4f7c9380a5dac62ee,C_full__big__dev40__20260902T182723Z
2269_easy_26_buy_only_net_30_no_adjacent_data,26_buy_only_net_30_no_adjacent_data,easy,C_full,z-ai/glm-5.1,big,False,16.07,16,0,327836,257152,52291,0.256937,3432.98,finish,8f2e099af9b77e592efa3ed4f7c9380a5dac62ee,C_full__big__dev40__20260902T182723Z
2279_easy_repair_plan_easy,repair_plan_easy,easy,C_full,z-ai/glm-5.1,big,False,21.09,14,0,863955,755840,68957,0.422687,910.75,finish,8f2e099af9b77e592efa3ed4f7c9380a5dac62ee,C_full__big__dev40__20260902T182723Z
2280_medium_repair_plan_medium,repair_plan_medium,medium,C_full,z-ai/glm-5.1,big,False,0.0,56,0,1656900,1403904,198057,1.59066,4448.41,loop,8f2e099af9b77e592efa3ed4f7c9380a5dac62ee,C_full__big__dev40__20260902T182723Z
2290_hard_repair_plan_hard,repair_plan_hard,hard,C_full,z-ai/glm-5.1,big,False,22.86,63,0,2392188,2200320,134427,0.929483,1888.29,finish,8f2e099af9b77e592efa3ed4f7c9380a5dac62ee,C_full__big__dev40__20260902T182723Z
2004_easy_01_buy_only_baseline,01_buy_only_baseline,easy,C_full,z-ai/glm-5.1,big,False,0.0,11,0,76438,27328,13022,0.090914,720.07,api_error,1a6af41c1e956a7e8002d1842644d340816ea274,C_full__big__dev5__20260902T002445Z
2014_easy_02_buy_only_immediate_invoicing,02_buy_only_immediate_invoicing,easy,C_full,z-ai/glm-5.1,big,False,0.0,9,0,72600,7808,9517,0.093574,1018.62,crash,1a6af41c1e956a7e8002d1842644d340816ea274,C_full__big__dev5__20260902T002445Z
2017_easy_03_buy_only_fixed_downpayment,03_buy_only_fixed_downpayment,easy,C_full,z-ai/glm-5.1,big,False,0.0,12,0,117995,15744,6344,0.121288,723.86,api_error,1a6af41c1e956a7e8002d1842644d340816ea274,C_full__big__dev5__20260902T002445Z
2024_easy_04_buy_only_percentage_downpayment,04_buy_only_percentage_downpayment,easy,C_full,z-ai/glm-5.1,big,False,0.0,8,0,55662,10816,4903,0.06011,1023.05,crash,1a6af41c1e956a7e8002d1842644d340816ea274,C_full__big__dev5__20260902T002445Z
2035_medium_05_screened_buy_only_all_seeded,05_screened_buy_only_all_seeded,medium,C_full,z-ai/glm-5.1,big,False,23.53,15,0,159661,31488,7436,0.151598,1023.13,crash,1a6af41c1e956a7e8002d1842644d340816ea274,C_full__big__dev5__20260902T002445Z
2004_easy_01_buy_only_baseline,01_buy_only_baseline,easy,C_full,z-ai/glm-5.1,big,True,100.0,31,0,345783,170304,15043,0.234992,1011.89,crash,df2c106aad32865503ba9f2dc2218aab0c44476f,C_full__big__dev5__20260902T005101Z
2014_easy_02_buy_only_immediate_invoicing,02_buy_only_immediate_invoicing,easy,C_full,z-ai/glm-5.1,big,False,0.0,11,0,67764,30848,16579,0.090264,1011.83,crash,df2c106aad32865503ba9f2dc2218aab0c44476f,C_full__big__dev5__20260902T005101Z
2017_easy_03_buy_only_fixed_downpayment,03_buy_only_fixed_downpayment,easy,C_full,z-ai/glm-5.1,big,False,0.0,12,0,75972,44480,17504,0.089134,995.24,crash,df2c106aad32865503ba9f2dc2218aab0c44476f,C_full__big__dev5__20260902T005101Z
2024_easy_04_buy_only_percentage_downpayment,04_buy_only_percentage_downpayment,easy,C_full,z-ai/glm-5.1,big,False,23.31,24,0,277805,120896,12314,0.203546,456.63,finish,df2c106aad32865503ba9f2dc2218aab0c44476f,C_full__big__dev5__20260902T005101Z
2035_medium_05_screened_buy_only_all_seeded,05_screened_buy_only_all_seeded,medium,C_full,z-ai/glm-5.1,big,True,100.0,31,0,371517,195840,10640,0.224127,1011.8,crash,df2c106aad32865503ba9f2dc2218aab0c44476f,C_full__big__dev5__20260902T005101Z
2004_easy_01_buy_only_baseline,01_buy_only_baseline,easy,C_full,z-ai/glm-5.1,big,False,0.0,7,0,40726,5312,11699,0.055983,750.28,api_error,5ebb84b65db3f0a2d65b31485bb0f727b61a8302,C_full__big__dev5__20260902T012007Z
2014_easy_02_buy_only_immediate_invoicing,02_buy_only_immediate_invoicing,easy,C_full,z-ai/glm-5.1,big,False,22.73,19,0,211958,66368,10142,0.18042,591.7,finish,5ebb84b65db3f0a2d65b31485bb0f727b61a8302,C_full__big__dev5__20260902T012007Z
2017_easy_03_buy_only_fixed_downpayment,03_buy_only_fixed_downpayment,easy,C_full,z-ai/glm-5.1,big,False,0.0,10,0,62866,30528,17772,0.089421,642.49,api_error,5ebb84b65db3f0a2d65b31485bb0f727b61a8302,C_full__big__dev5__20260902T012007Z
2035_medium_05_screened_buy_only_all_seeded,05_screened_buy_only_all_seeded,medium,C_full,z-ai/glm-5.1,big,True,100.0,27,0,339723,146176,11373,0.23903,829.53,finish,5ebb84b65db3f0a2d65b31485bb0f727b61a8302,C_full__big__dev5__20260902T012007Z
2004_easy_01_buy_only_baseline,01_buy_only_baseline,easy,C_full,z-ai/glm-5.1,big,True,100.0,29,0,336218,158656,12845,0.229122,536.43,finish,c59de98b12f76e380dcbea8fd77749c227682eab,C_full__big__dev5__20260902T014728Z
2014_easy_02_buy_only_immediate_invoicing,02_buy_only_immediate_invoicing,easy,C_full,z-ai/glm-5.1,big,False,22.73,39,0,505568,120512,19903,0.450466,1448.87,finish,c59de98b12f76e380dcbea8fd77749c227682eab,C_full__big__dev5__20260902T014728Z
2017_easy_03_buy_only_fixed_downpayment,03_buy_only_fixed_downpayment,easy,C_full,z-ai/glm-5.1,big,False,22.84,42,0,644094,230464,19088,0.486734,1096.43,finish,c59de98b12f76e380dcbea8fd77749c227682eab,C_full__big__dev5__20260902T014728Z
2024_easy_04_buy_only_percentage_downpayment,04_buy_only_percentage_downpayment,easy,C_full,z-ai/glm-5.1,big,True,100.0,38,0,598570,217728,17222,0.447606,986.83,finish,c59de98b12f76e380dcbea8fd77749c227682eab,C_full__big__dev5__20260902T014728Z
2035_medium_05_screened_buy_only_all_seeded,05_screened_buy_only_all_seeded,medium,C_full,z-ai/glm-5.1,big,False,40.0,30,0,587756,195840,28475,0.490973,1359.49,finish,c59de98b12f76e380dcbea8fd77749c227682eab,C_full__big__dev5__20260902T014728Z
2004_easy_01_buy_only_baseline,01_buy_only_baseline,easy,C_full,z-ai/glm-5.1,big,True,100.0,26,0,376911,214016,16615,0.231785,564.82,finish,52b4898e87d20573f29c4a1187201fcefabf13b6,C_full__big__dev5__20260902T062626Z
2014_easy_02_buy_only_immediate_invoicing,02_buy_only_immediate_invoicing,easy,C_full,z-ai/glm-5.1,big,True,100.0,20,0,395845,25792,18367,0.42175,1556.42,finish,52b4898e87d20573f29c4a1187201fcefabf13b6,C_full__big__dev5__20260902T062626Z
2017_easy_03_buy_only_fixed_downpayment,03_buy_only_fixed_downpayment,easy,C_full,z-ai/glm-5.1,big,False,22.84,35,0,541677,179136,21668,0.439583,1137.62,finish,52b4898e87d20573f29c4a1187201fcefabf13b6,C_full__big__dev5__20260902T062626Z
2024_easy_04_buy_only_percentage_downpayment,04_buy_only_percentage_downpayment,easy,C_full,z-ai/glm-5.1,big,False,13.14,25,0,333416,38144,12896,0.332824,1842.4,api_error,52b4898e87d20573f29c4a1187201fcefabf13b6,C_full__big__dev5__20260902T062626Z
2035_medium_05_screened_buy_only_all_seeded,05_screened_buy_only_all_seeded,medium,C_full,z-ai/glm-5.1,big,True,100.0,30,0,438486,139008,8505,0.333307,366.73,finish,52b4898e87d20573f29c4a1187201fcefabf13b6,C_full__big__dev5__20260902T062626Z
2004_easy_01_buy_only_baseline,01_buy_only_baseline,easy,C_full,z-ai/glm-5.1,big,False,20.97,26,0,807826,628928,47934,0.406177,1190.83,finish,74050899d7cca15c5550bd2e062dfaab7ddac907,C_full__big__dev5__20260902T070908Z
2014_easy_02_buy_only_immediate_invoicing,02_buy_only_immediate_invoicing,easy,C_full,z-ai/glm-5.1,big,False,22.73,17,0,525237,396800,32008,0.27548,2027.15,finish,74050899d7cca15c5550bd2e062dfaab7ddac907,C_full__big__dev5__20260902T070908Z
2017_easy_03_buy_only_fixed_downpayment,03_buy_only_fixed_downpayment,easy,C_full,z-ai/glm-5.1,big,True,100.0,62,0,1525118,1224384,88983,0.73508,2343.47,finish,74050899d7cca15c5550bd2e062dfaab7ddac907,C_full__big__dev5__20260902T070908Z
2024_easy_04_buy_only_percentage_downpayment,04_buy_only_percentage_downpayment,easy,C_full,z-ai/glm-5.1,big,True,100.0,52,0,1200808,937792,132648,0.777205,3838.84,finish,74050899d7cca15c5550bd2e062dfaab7ddac907,C_full__big__dev5__20260902T070908Z
2035_medium_05_screened_buy_only_all_seeded,05_screened_buy_only_all_seeded,medium,C_full,z-ai/glm-5.1,big,True,100.0,19,0,519964,407424,35083,0.271603,693.67,finish,74050899d7cca15c5550bd2e062dfaab7ddac907,C_full__big__dev5__20260902T070908Z
2004_easy_01_buy_only_baseline,01_buy_only_baseline,easy,C_full,z-ai/glm-5.1,big,False,20.97,34,0,1078530,964736,70243,0.467488,1137.3,finish,22dc2537b56eebc05aa16f9efd0171b74c1995d3,C_full__big__dev5__20260902T080852Z
2014_easy_02_buy_only_immediate_invoicing,02_buy_only_immediate_invoicing,easy,C_full,z-ai/glm-5.1,big,False,0.0,30,0,811911,776448,86370,0.393644,7032.58,api_error,22dc2537b56eebc05aa16f9efd0171b74c1995d3,C_full__big__dev5__20260902T080852Z
2017_easy_03_buy_only_fixed_downpayment,03_buy_only_fixed_downpayment,easy,C_full,z-ai/glm-5.1,big,False,0.0,65,0,2051545,1902400,162905,0.879919,2517.42,finish,22dc2537b56eebc05aa16f9efd0171b74c1995d3,C_full__big__dev5__20260902T080852Z
2024_easy_04_buy_only_percentage_downpayment,04_buy_only_percentage_downpayment,easy,C_full,z-ai/glm-5.1,big,True,100.0,46,0,1272478,1237504,81292,0.47346,1143.76,finish,22dc2537b56eebc05aa16f9efd0171b74c1995d3,C_full__big__dev5__20260902T080852Z
2035_medium_05_screened_buy_only_all_seeded,05_screened_buy_only_all_seeded,medium,C_full,z-ai/glm-5.1,big,True,100.0,20,0,430903,324800,34137,0.249077,582.84,finish,22dc2537b56eebc05aa16f9efd0171b74c1995d3,C_full__big__dev5__20260902T080852Z
2004_easy_01_buy_only_baseline,01_buy_only_baseline,easy,C_full,z-ai/glm-5.1,big,True,100.0,28,0,1385839,917312,118052,1.413868,1917.54,finish,7346522209c81bc0a2921268e343dc8f824a2b1c,C_full__big__dev5__20260909T055633Z
2014_easy_02_buy_only_immediate_invoicing,02_buy_only_immediate_invoicing,easy,C_full,z-ai/glm-5.1,big,True,100.0,29,0,1349874,1126784,145413,1.245107,2284.73,finish,7346522209c81bc0a2921268e343dc8f824a2b1c,C_full__big__dev5__20260909T055633Z
2017_easy_03_buy_only_fixed_downpayment,03_buy_only_fixed_downpayment,easy,C_full,z-ai/glm-5.1,big,True,100.0,35,0,1058344,931776,69876,0.726911,1193.13,finish,7346522209c81bc0a2921268e343dc8f824a2b1c,C_full__big__dev5__20260909T055633Z
2024_easy_04_buy_only_percentage_downpayment,04_buy_only_percentage_downpayment,easy,C_full,z-ai/glm-5.1,big,True,100.0,32,0,1477367,1153472,125102,1.303805,2206.01,finish,7346522209c81bc0a2921268e343dc8f824a2b1c,C_full__big__dev5__20260909T055633Z
2035_medium_05_screened_buy_only_all_seeded,05_screened_buy_only_all_seeded,medium,C_full,z-ai/glm-5.1,big,True,100.0,11,0,469929,331584,43885,0.448011,750.28,finish,7346522209c81bc0a2921268e343dc8f824a2b1c,C_full__big__dev5__20260909T055633Z
2021_easy_03_buy_only_fixed_downpayment,03_buy_only_fixed_downpayment,easy,C_full,z-ai/glm-5.1,big,False,97.5,30,0,910488,812864,78849,0.694954,1224.68,finish,0d276508be700c63c1270746029f0085f8d14a3f,C_full__big__eval100__20260903T030749Z
2031_easy_04_buy_only_percentage_downpayment,04_buy_only_percentage_downpayment,easy,C_full,z-ai/glm-5.1,big,True,100.0,20,0,804741,626176,64710,0.658628,988.04,finish,0d276508be700c63c1270746029f0085f8d14a3f,C_full__big__eval100__20260903T030749Z
2040_medium_05_screened_buy_only_all_seeded,05_screened_buy_only_all_seeded,medium,C_full,z-ai/glm-5.1,big,True,100.0,18,0,365167,328704,15747,0.205798,1039.24,finish,0d276508be700c63c1270746029f0085f8d14a3f,C_full__big__eval100__20260903T030749Z
2049_medium_06_screened_buy_only_mixed_seeded,06_screened_buy_only_mixed_seeded,medium,C_full,z-ai/glm-5.1,big,False,75.26,21,0,534146,436544,89012,0.641797,2092.36,finish,0d276508be700c63c1270746029f0085f8d14a3f,C_full__big__eval100__20260903T030749Z
2060_medium_07_screened_buy_only_mixed_seeded_invoicing,07_screened_buy_only_mixed_seeded_invoicing,medium,C_full,z-ai/glm-5.1,big,True,100.0,16,0,569738,446528,47605,0.487749,1261.24,finish,0d276508be700c63c1270746029f0085f8d14a3f,C_full__big__eval100__20260903T030749Z
2139_medium_14_single_subassembly_shared_overflow_capacity,14_single_subassembly_shared_overflow_capacity,medium,C_full,z-ai/glm-5.1,big,False,81.27,63,0,2488578,2303552,92029,1.2139,1678.1,finish,0d276508be700c63c1270746029f0085f8d14a3f,C_full__big__eval100__20260903T030749Z
2159_hard_16_serial_subassemblies_branch_assigned,16_serial_subassemblies_branch_assigned,hard,C_full,z-ai/glm-5.1,big,True,100.0,58,0,2227680,2015232,115775,1.321005,1822.91,finish,0d276508be700c63c1270746029f0085f8d14a3f,C_full__big__eval100__20260903T030749Z
2187_medium_19_manufacture_only_no_buy_route,19_manufacture_only_no_buy_route,medium,C_full,z-ai/glm-5.1,big,True,100.0,21,0,467302,334848,81328,0.630339,1936.85,finish,0d276508be700c63c1270746029f0085f8d14a3f,C_full__big__eval100__20260903T030749Z
2188_medium_19_manufacture_only_no_buy_route,19_manufacture_only_no_buy_route,medium,C_full,z-ai/glm-5.1,big,True,100.0,26,0,1169828,1054848,82786,0.799491,1387.05,finish,0d276508be700c63c1270746029f0085f8d14a3f,C_full__big__eval100__20260903T030749Z
2197_medium_20_manufacture_only_no_available_vendors,20_manufacture_only_no_available_vendors,medium,C_full,z-ai/glm-5.1,big,True,99.12,29,0,906271,764416,67523,0.694446,1728.49,finish,0d276508be700c63c1270746029f0085f8d14a3f,C_full__big__eval100__20260903T030749Z
2201_medium_20_manufacture_only_no_available_vendors,20_manufacture_only_no_available_vendors,medium,C_full,z-ai/glm-5.1,big,True,100.0,28,0,749447,632768,37265,0.474721,1268.86,finish,0d276508be700c63c1270746029f0085f8d14a3f,C_full__big__eval100__20260903T030749Z
2252_hard_25_shared_component_subassemblies_branch_assigned_screened_all_seeded,25_shared_component_subassemblies_branch_assigned_screened_all_seeded,hard,C_full,z-ai/glm-5.1,big,True,100.0,52,0,2129306,1926336,94157,1.170256,1640.27,finish,0d276508be700c63c1270746029f0085f8d14a3f,C_full__big__eval100__20260903T030749Z
2273_easy_repair_plan_easy,repair_plan_easy,easy,C_full,z-ai/glm-5.1,big,True,100.0,21,0,817974,639360,67281,0.666268,2012.19,finish,0d276508be700c63c1270746029f0085f8d14a3f,C_full__big__eval100__20260903T030749Z
2289_medium_repair_plan_medium,repair_plan_medium,medium,C_full,z-ai/glm-5.1,big,True,99.01,35,0,1226694,938688,92234,1.031432,2171.73,finish,0d276508be700c63c1270746029f0085f8d14a3f,C_full__big__eval100__20260903T030749Z
2063_medium_07_screened_buy_only_mixed_seeded_invoicing,07_screened_buy_only_mixed_seeded_invoicing,medium,C_full,z-ai/glm-5.1,big,True,100.0,25,0,806246,724288,51684,0.530466,827.13,finish,858c46cb8c1ac03a54094b75a930a4b21301a0bf,C_full__big__eval100__20260903T042100Z
2077_medium_09_single_bom_lowest_cost,09_single_bom_lowest_cost,medium,C_full,z-ai/glm-5.1,big,True,100.0,28,0,788203,673344,63625,0.600052,945.68,finish,858c46cb8c1ac03a54094b75a930a4b21301a0bf,C_full__big__eval100__20260903T042100Z
2087_medium_10_single_bom_split_by_capacity,10_single_bom_split_by_capacity,medium,C_full,z-ai/glm-5.1,big,False,0.0,21,0,704003,551424,106904,0.827358,2282.43,api_error,858c46cb8c1ac03a54094b75a930a4b21301a0bf,C_full__big__eval100__20260903T042100Z
2091_medium_10_single_bom_split_by_capacity,10_single_bom_split_by_capacity,medium,C_full,z-ai/glm-5.1,big,True,100.0,25,0,752940,645376,78310,0.662951,1102.85,finish,858c46cb8c1ac03a54094b75a930a4b21301a0bf,C_full__big__eval100__20260903T042100Z
2102_hard_11_restricted_subassembly_qualified_workcenters,11_restricted_subassembly_qualified_workcenters,hard,C_full,z-ai/glm-5.1,big,False,19.55,21,0,690886,586688,102430,0.749108,1443.68,finish,858c46cb8c1ac03a54094b75a930a4b21301a0bf,C_full__big__eval100__20260903T042100Z
2121_medium_13_single_subassembly_qualified_workcenters,13_single_subassembly_qualified_workcenters,medium,C_full,z-ai/glm-5.1,big,True,100.0,26,0,740911,563136,89894,0.771738,1276.17,finish,858c46cb8c1ac03a54094b75a930a4b21301a0bf,C_full__big__eval100__20260903T042100Z
2184_medium_19_manufacture_only_no_buy_route,19_manufacture_only_no_buy_route,medium,C_full,z-ai/glm-5.1,big,False,96.25,37,0,1722039,1502976,91729,1.075168,1453.91,finish,858c46cb8c1ac03a54094b75a930a4b21301a0bf,C_full__big__eval100__20260903T042100Z
2225_medium_22_single_bom_split_by_capacity_invoicing,22_single_bom_split_by_capacity_invoicing,medium,C_full,z-ai/glm-5.1,big,False,98.24,55,0,2115825,1955968,83325,1.098981,1318.38,finish,858c46cb8c1ac03a54094b75a930a4b21301a0bf,C_full__big__eval100__20260903T042100Z
2002_easy_01_buy_only_baseline,01_buy_only_baseline,easy,C_full,z-ai/glm-5.1,big,True,100.0,28,0,1050583,777408,102947,1.003734,1707.47,finish,9838b9b37528620760a21e8a9a75525355c6b1e8,C_full__big__eval100__20260903T050126Z
2003_easy_01_buy_only_baseline,01_buy_only_baseline,easy,C_full,z-ai/glm-5.1,big,True,100.0,24,0,697422,582336,82955,0.67753,1254.56,finish,9838b9b37528620760a21e8a9a75525355c6b1e8,C_full__big__eval100__20260903T050126Z
2005_easy_01_buy_only_baseline,01_buy_only_baseline,easy,C_full,z-ai/glm-5.1,big,True,100.0,25,0,1294724,957184,100538,1.050388,1863.96,finish,9838b9b37528620760a21e8a9a75525355c6b1e8,C_full__big__eval100__20260903T050126Z
2008_easy_02_buy_only_immediate_invoicing,02_buy_only_immediate_invoicing,easy,C_full,z-ai/glm-5.1,big,True,100.0,11,0,519543,308736,55848,0.589767,953.41,finish,9838b9b37528620760a21e8a9a75525355c6b1e8,C_full__big__eval100__20260903T050126Z
2009_easy_02_buy_only_immediate_invoicing,02_buy_only_immediate_invoicing,easy,C_full,z-ai/glm-5.1,big,True,100.0,15,0,449600,342208,53665,0.453651,900.95,finish,9838b9b37528620760a21e8a9a75525355c6b1e8,C_full__big__eval100__20260903T050126Z
2020_easy_03_buy_only_fixed_downpayment,03_buy_only_fixed_downpayment,easy,C_full,z-ai/glm-5.1,big,True,100.0,14,0,703255,567296,56698,0.557218,863.54,finish,9838b9b37528620760a21e8a9a75525355c6b1e8,C_full__big__eval100__20260903T050126Z
2032_medium_05_screened_buy_only_all_seeded,05_screened_buy_only_all_seeded,medium,C_full,z-ai/glm-5.1,big,True,100.0,9,0,291875,213184,31748,0.305286,517.97,finish,9838b9b37528620760a21e8a9a75525355c6b1e8,C_full__big__eval100__20260903T050126Z
2034_medium_05_screened_buy_only_all_seeded,05_screened_buy_only_all_seeded,medium,C_full,z-ai/glm-5.1,big,True,100.0,14,0,271493,249408,13106,0.153431,274.8,finish,9838b9b37528620760a21e8a9a75525355c6b1e8,C_full__big__eval100__20260903T050126Z
2044_medium_06_screened_buy_only_mixed_seeded,06_screened_buy_only_mixed_seeded,medium,C_full,z-ai/glm-5.1,big,True,100.0,14,0,385225,331136,54266,0.40059,812.17,finish,9838b9b37528620760a21e8a9a75525355c6b1e8,C_full__big__eval100__20260903T050126Z
2046_medium_06_screened_buy_only_mixed_seeded,06_screened_buy_only_mixed_seeded,medium,C_full,z-ai/glm-5.1,big,True,100.0,16,0,537717,452288,39146,0.409438,633.68,finish,9838b9b37528620760a21e8a9a75525355c6b1e8,C_full__big__eval100__20260903T050126Z
2048_medium_06_screened_buy_only_mixed_seeded,06_screened_buy_only_mixed_seeded,medium,C_full,z-ai/glm-5.1,big,True,100.0,17,0,352744,292992,24009,0.255215,434.76,finish,9838b9b37528620760a21e8a9a75525355c6b1e8,C_full__big__eval100__20260903T050126Z
2053_medium_07_screened_buy_only_mixed_seeded_invoicing,07_screened_buy_only_mixed_seeded_invoicing,medium,C_full,z-ai/glm-5.1,big,True,100.0,11,0,214615,189248,14796,0.149821,281.36,finish,9838b9b37528620760a21e8a9a75525355c6b1e8,C_full__big__eval100__20260903T050126Z
2055_medium_07_screened_buy_only_mixed_seeded_invoicing,07_screened_buy_only_mixed_seeded_invoicing,medium,C_full,z-ai/glm-5.1,big,True,100.0,20,0,445983,399104,20932,0.261498,376.32,finish,9838b9b37528620760a21e8a9a75525355c6b1e8,C_full__big__eval100__20260903T050126Z
2064_medium_08_single_bom_single_workcenter,08_single_bom_single_workcenter,medium,C_full,z-ai/glm-5.1,big,True,100.0,40,0,1289305,1089472,43698,0.714345,915.77,finish,9838b9b37528620760a21e8a9a75525355c6b1e8,C_full__big__eval100__20260903T050126Z
2067_medium_08_single_bom_single_workcenter,08_single_bom_single_workcenter,medium,C_full,z-ai/glm-5.1,big,False,22.31,60,0,2283654,1875392,164360,1.766859,3132.25,api_error,9838b9b37528620760a21e8a9a75525355c6b1e8,C_full__big__eval100__20260903T050126Z
2073_medium_08_single_bom_single_workcenter,08_single_bom_single_workcenter,medium,C_full,z-ai/glm-5.1,big,False,60.32,32,0,1167529,861888,115018,1.089402,2004.26,finish,9838b9b37528620760a21e8a9a75525355c6b1e8,C_full__big__eval100__20260903T050126Z
2074_medium_08_single_bom_single_workcenter,08_single_bom_single_workcenter,medium,C_full,z-ai/glm-5.1,big,True,100.0,15,0,495462,362112,74735,0.594445,1202.82,finish,9838b9b37528620760a21e8a9a75525355c6b1e8,C_full__big__eval100__20260903T050126Z
2076_medium_09_single_bom_lowest_cost,09_single_bom_lowest_cost,medium,C_full,z-ai/glm-5.1,big,True,100.0,32,0,983142,818112,70895,0.728567,1144.46,finish,9838b9b37528620760a21e8a9a75525355c6b1e8,C_full__big__eval100__20260903T050126Z
2080_medium_09_single_bom_lowest_cost,09_single_bom_lowest_cost,medium,C_full,z-ai/glm-5.1,big,True,100.0,18,0,585232,461120,78012,0.623444,1233.19,finish,9838b9b37528620760a21e8a9a75525355c6b1e8,C_full__big__eval100__20260903T050126Z
2081_medium_09_single_bom_lowest_cost,09_single_bom_lowest_cost,medium,C_full,z-ai/glm-5.1,big,True,100.0,26,0,836491,743488,57142,0.574936,1072.56,finish,9838b9b37528620760a21e8a9a75525355c6b1e8,C_full__big__eval100__20260903T050126Z
2087_medium_10_single_bom_split_by_capacity,10_single_bom_split_by_capacity,medium,C_full,z-ai/glm-5.1,big,False,22.46,66,0,1860291,1672768,229474,1.665123,3374.55,finish,9838b9b37528620760a21e8a9a75525355c6b1e8,C_full__big__eval100__20260903T050126Z
2092_medium_10_single_bom_split_by_capacity,10_single_bom_split_by_capacity,medium,C_full,z-ai/glm-5.1,big,True,99.99,21,0,594992,506240,83779,0.624503,1226.74,finish,9838b9b37528620760a21e8a9a75525355c6b1e8,C_full__big__eval100__20260903T050126Z
2094_medium_10_single_bom_split_by_capacity,10_single_bom_split_by_capacity,medium,C_full,z-ai/glm-5.1,big,False,75.5,78,0,2779886,2555584,131319,1.491998,2312.92,finish,9838b9b37528620760a21e8a9a75525355c6b1e8,C_full__big__eval100__20260903T050126Z
2098_hard_11_restricted_subassembly_qualified_workcenters,11_restricted_subassembly_qualified_workcenters,hard,C_full,z-ai/glm-5.1,big,False,0.0,8,0,140251,117760,20110,0.150589,606.16,api_error,9838b9b37528620760a21e8a9a75525355c6b1e8,C_full__big__eval100__20260903T050126Z
2105_hard_11_restricted_subassembly_qualified_workcenters,11_restricted_subassembly_qualified_workcenters,hard,C_full,z-ai/glm-5.1,big,False,0.0,28,0,775903,684416,86325,0.68586,1680.29,api_error,9838b9b37528620760a21e8a9a75525355c6b1e8,C_full__big__eval100__20260903T050126Z
2107_medium_12_single_subassembly_lowest_cost,12_single_subassembly_lowest_cost,medium,C_full,z-ai/glm-5.1,big,True,100.0,20,0,715624,528832,69023,0.702706,1147.52,finish,9838b9b37528620760a21e8a9a75525355c6b1e8,C_full__big__eval100__20260903T050126Z
2108_medium_12_single_subassembly_lowest_cost,12_single_subassembly_lowest_cost,medium,C_full,z-ai/glm-5.1,big,False,84.45,30,0,889704,738368,52860,0.61363,909.52,finish,9838b9b37528620760a21e8a9a75525355c6b1e8,C_full__big__eval100__20260903T050126Z
2112_medium_12_single_subassembly_lowest_cost,12_single_subassembly_lowest_cost,medium,C_full,z-ai/glm-5.1,big,True,100.0,25,0,898742,711104,76454,0.744262,1281.15,finish,9838b9b37528620760a21e8a9a75525355c6b1e8,C_full__big__eval100__20260903T050126Z
2114_medium_12_single_subassembly_lowest_cost,12_single_subassembly_lowest_cost,medium,C_full,z-ai/glm-5.1,big,True,100.0,27,0,1121828,933824,84937,0.879723,1283.64,finish,9838b9b37528620760a21e8a9a75525355c6b1e8,C_full__big__eval100__20260903T050126Z
2118_medium_13_single_subassembly_qualified_workcenters,13_single_subassembly_qualified_workcenters,medium,C_full,z-ai/glm-5.1,big,True,100.0,17,0,615415,510720,48122,0.491097,798.9,finish,9838b9b37528620760a21e8a9a75525355c6b1e8,C_full__big__eval100__20260903T050126Z
2124_medium_13_single_subassembly_qualified_workcenters,13_single_subassembly_qualified_workcenters,medium,C_full,z-ai/glm-5.1,big,False,0.0,1,0,9446,6080,2215,0.016039,399.19,api_error,9838b9b37528620760a21e8a9a75525355c6b1e8,C_full__big__eval100__20260903T050126Z
2126_medium_13_single_subassembly_qualified_workcenters,13_single_subassembly_qualified_workcenters,medium,C_full,z-ai/glm-5.1,big,True,100.0,24,0,827082,729152,64606,0.610948,1019.46,finish,9838b9b37528620760a21e8a9a75525355c6b1e8,C_full__big__eval100__20260903T050126Z
2129_medium_14_single_subassembly_shared_overflow_capacity,14_single_subassembly_shared_overflow_capacity,medium,C_full,z-ai/glm-5.1,big,True,100.0,27,0,774378,665152,92126,0.718462,1240.41,finish,9838b9b37528620760a21e8a9a75525355c6b1e8,C_full__big__eval100__20260903T050126Z
2136_medium_14_single_subassembly_shared_overflow_capacity,14_single_subassembly_shared_overflow_capacity,medium,C_full,z-ai/glm-5.1,big,True,100.0,17,0,1058962,545216,86120,1.167903,1331.14,finish,9838b9b37528620760a21e8a9a75525355c6b1e8,C_full__big__eval100__20260903T050126Z
2137_medium_14_single_subassembly_shared_overflow_capacity,14_single_subassembly_shared_overflow_capacity,medium,C_full,z-ai/glm-5.1,big,True,100.0,50,0,1733081,1420800,111047,1.266582,1642.01,finish,9838b9b37528620760a21e8a9a75525355c6b1e8,C_full__big__eval100__20260903T050126Z
2148_hard_15_parallel_subassemblies_branch_assigned,15_parallel_subassemblies_branch_assigned,hard,C_full,z-ai/glm-5.1,big,False,23.15,68,0,3014629,2433152,189540,2.16041,3169.44,token_cap,9838b9b37528620760a21e8a9a75525355c6b1e8,C_full__big__eval100__20260903T050126Z
2149_hard_15_parallel_subassemblies_branch_assigned,15_parallel_subassemblies_branch_assigned,hard,C_full,z-ai/glm-5.1,big,True,100.0,69,0,2987966,2683840,160684,1.797317,2573.82,finish,9838b9b37528620760a21e8a9a75525355c6b1e8,C_full__big__eval100__20260903T050126Z
2164_hard_17_shared_component_subassemblies_branch_assigned,17_shared_component_subassemblies_branch_assigned,hard,C_full,z-ai/glm-5.1,big,False,0.0,70,0,3061393,2779392,136182,1.681014,2203.28,token_cap,9838b9b37528620760a21e8a9a75525355c6b1e8,C_full__big__eval100__20260903T050126Z
2166_hard_17_shared_component_subassemblies_branch_assigned,17_shared_component_subassemblies_branch_assigned,hard,C_full,z-ai/glm-5.1,big,False,92.09,62,0,1764535,1570112,221887,1.621696,3162.55,finish,9838b9b37528620760a21e8a9a75525355c6b1e8,C_full__big__eval100__20260903T050126Z
2169_hard_17_shared_component_subassemblies_branch_assigned,17_shared_component_subassemblies_branch_assigned,hard,C_full,z-ai/glm-5.1,big,False,97.18,55,0,1803902,1596224,141220,1.327135,2329.47,finish,9838b9b37528620760a21e8a9a75525355c6b1e8,C_full__big__eval100__20260903T050126Z
2170_hard_17_shared_component_subassemblies_branch_assigned,17_shared_component_subassemblies_branch_assigned,hard,C_full,z-ai/glm-5.1,big,True,100.0,56,0,2638611,2285376,97057,1.478054,1777.77,finish,9838b9b37528620760a21e8a9a75525355c6b1e8,C_full__big__eval100__20260903T050126Z
2174_medium_18_manufacture_only_policy_forbidden,18_manufacture_only_policy_forbidden,medium,C_full,z-ai/glm-5.1,big,True,100.0,29,0,1005972,849728,60235,0.704705,1058.14,finish,9838b9b37528620760a21e8a9a75525355c6b1e8,C_full__big__eval100__20260903T050126Z
2176_medium_18_manufacture_only_policy_forbidden,18_manufacture_only_policy_forbidden,medium,C_full,z-ai/glm-5.1,big,True,100.0,32,0,1026888,917952,56356,0.609692,1090.58,finish,9838b9b37528620760a21e8a9a75525355c6b1e8,C_full__big__eval100__20260903T050126Z
2179_medium_18_manufacture_only_policy_forbidden,18_manufacture_only_policy_forbidden,medium,C_full,z-ai/glm-5.1,big,True,99.0,25,0,995281,749312,75171,0.804886,1369.77,finish,9838b9b37528620760a21e8a9a75525355c6b1e8,C_full__big__eval100__20260903T050126Z
2198_medium_20_manufacture_only_no_available_vendors,20_manufacture_only_no_available_vendors,medium,C_full,z-ai/glm-5.1,big,True,100.0,24,0,584590,478976,71555,0.587235,1633.75,api_error,9838b9b37528620760a21e8a9a75525355c6b1e8,C_full__big__eval100__20260903T050126Z
2203_medium_20_manufacture_only_no_available_vendors,20_manufacture_only_no_available_vendors,medium,C_full,z-ai/glm-5.1,big,True,100.0,24,0,1033362,937088,59760,0.64137,993.99,finish,9838b9b37528620760a21e8a9a75525355c6b1e8,C_full__big__eval100__20260903T050126Z
2209_medium_21_single_bom_lowest_cost_screened_mixed_seeded,21_single_bom_lowest_cost_screened_mixed_seeded,medium,C_full,z-ai/glm-5.1,big,True,100.0,24,0,727817,643712,89138,0.677319,1348.52,finish,9838b9b37528620760a21e8a9a75525355c6b1e8,C_full__big__eval100__20260903T050126Z
2213_medium_21_single_bom_lowest_cost_screened_mixed_seeded,21_single_bom_lowest_cost_screened_mixed_seeded,medium,C_full,z-ai/glm-5.1,big,True,100.0,17,0,463921,371648,64651,0.510275,972.39,finish,9838b9b37528620760a21e8a9a75525355c6b1e8,C_full__big__eval100__20260903T050126Z
2215_medium_21_single_bom_lowest_cost_screened_mixed_seeded,21_single_bom_lowest_cost_screened_mixed_seeded,medium,C_full,z-ai/glm-5.1,big,True,100.0,22,0,698242,533824,76860,0.707163,1268.0,finish,9838b9b37528620760a21e8a9a75525355c6b1e8,C_full__big__eval100__20260903T050126Z
2216_medium_21_single_bom_lowest_cost_screened_mixed_seeded,21_single_bom_lowest_cost_screened_mixed_seeded,medium,C_full,z-ai/glm-5.1,big,False,94.04,37,0,1071709,891648,117716,0.968752,1971.19,finish,9838b9b37528620760a21e8a9a75525355c6b1e8,C_full__big__eval100__20260903T050126Z
2218_medium_22_single_bom_split_by_capacity_invoicing,22_single_bom_split_by_capacity_invoicing,medium,C_full,z-ai/glm-5.1,big,True,100.0,18,0,516649,344256,103458,0.763686,1644.48,finish,9838b9b37528620760a21e8a9a75525355c6b1e8,C_full__big__eval100__20260903T050126Z
2226_medium_22_single_bom_split_by_capacity_invoicing,22_single_bom_split_by_capacity_invoicing,medium,C_full,z-ai/glm-5.1,big,True,100.0,29,0,1014242,816448,75731,0.80289,1251.76,finish,9838b9b37528620760a21e8a9a75525355c6b1e8,C_full__big__eval100__20260903T050126Z
2228_medium_22_single_bom_split_by_capacity_invoicing,22_single_bom_split_by_capacity_invoicing,medium,C_full,z-ai/glm-5.1,big,True,100.0,47,0,2101863,1616256,115241,1.527633,1805.35,finish,9838b9b37528620760a21e8a9a75525355c6b1e8,C_full__big__eval100__20260903T050126Z
2230_hard_23_restricted_subassembly_qualified_workcenters_screened_all_seeded,23_restricted_subassembly_qualified_workcenters_screened_all_seeded,hard,C_full,z-ai/glm-5.1,big,True,100.0,69,0,2337174,2141504,126511,1.318085,2092.55,finish,9838b9b37528620760a21e8a9a75525355c6b1e8,C_full__big__eval100__20260903T050126Z
2234_hard_23_restricted_subassembly_qualified_workcenters_screened_all_seeded,23_restricted_subassembly_qualified_workcenters_screened_all_seeded,hard,C_full,z-ai/glm-5.1,big,False,80.58,51,0,1264979,1038080,168694,1.304209,2604.41,finish,9838b9b37528620760a21e8a9a75525355c6b1e8,C_full__big__eval100__20260903T050126Z
2241_hard_24_single_subassembly_shared_overflow_capacity_screened_invoicing,24_single_subassembly_shared_overflow_capacity_screened_invoicing,hard,C_full,z-ai/glm-5.1,big,True,100.0,19,0,787098,619584,66769,0.655077,1070.28,finish,9838b9b37528620760a21e8a9a75525355c6b1e8,C_full__big__eval100__20260903T050126Z
2247_hard_24_single_subassembly_shared_overflow_capacity_screened_invoicing,24_single_subassembly_shared_overflow_capacity_screened_invoicing,hard,C_full,z-ai/glm-5.1,big,False,97.11,24,0,615187,537280,65804,0.5383,1037.91,finish,9838b9b37528620760a21e8a9a75525355c6b1e8,C_full__big__eval100__20260903T050126Z
2251_hard_25_shared_component_subassemblies_branch_assigned_screened_all_seeded,25_shared_component_subassemblies_branch_assigned_screened_all_seeded,hard,C_full,z-ai/glm-5.1,big,False,94.69,48,0,1994244,1758144,112293,1.202527,1904.87,finish,9838b9b37528620760a21e8a9a75525355c6b1e8,C_full__big__eval100__20260903T050126Z
2260_hard_25_shared_component_subassemblies_branch_assigned_screened_all_seeded,25_shared_component_subassemblies_branch_assigned_screened_all_seeded,hard,C_full,z-ai/glm-5.1,big,True,100.0,23,0,765375,653952,125899,0.879975,1809.47,finish,9838b9b37528620760a21e8a9a75525355c6b1e8,C_full__big__eval100__20260903T050126Z
2266_easy_26_buy_only_net_30_no_adjacent_data,26_buy_only_net_30_no_adjacent_data,easy,C_full,z-ai/glm-5.1,big,True,100.0,24,0,695049,600896,62042,0.547894,983.75,finish,9838b9b37528620760a21e8a9a75525355c6b1e8,C_full__big__eval100__20260903T050126Z
2267_easy_26_buy_only_net_30_no_adjacent_data,26_buy_only_net_30_no_adjacent_data,easy,C_full,z-ai/glm-5.1,big,True,100.0,19,0,589174,521088,64680,0.515395,1020.98,finish,9838b9b37528620760a21e8a9a75525355c6b1e8,C_full__big__eval100__20260903T050126Z
2270_easy_26_buy_only_net_30_no_adjacent_data,26_buy_only_net_30_no_adjacent_data,easy,C_full,z-ai/glm-5.1,big,True,100.0,26,0,602623,532992,53332,0.457946,880.49,finish,9838b9b37528620760a21e8a9a75525355c6b1e8,C_full__big__eval100__20260903T050126Z
2277_easy_repair_plan_easy,repair_plan_easy,easy,C_full,z-ai/glm-5.1,big,True,100.0,26,0,830669,648768,134895,0.993775,1798.68,finish,9838b9b37528620760a21e8a9a75525355c6b1e8,C_full__big__eval100__20260903T050126Z
2282_medium_repair_plan_medium,repair_plan_medium,medium,C_full,z-ai/glm-5.1,big,False,21.43,34,0,890824,514368,223695,1.645032,3600.03,timeout,9838b9b37528620760a21e8a9a75525355c6b1e8,C_full__big__eval100__20260903T050126Z
2294_hard_repair_plan_hard,repair_plan_hard,hard,C_full,z-ai/glm-5.1,big,True,99.97,65,0,2933477,2640384,141322,1.638944,2288.41,finish,9838b9b37528620760a21e8a9a75525355c6b1e8,C_full__big__eval100__20260903T050126Z
2012_easy_02_buy_only_immediate_invoicing,02_buy_only_immediate_invoicing,easy,C_full,z-ai/glm-5.1,big,True,100.0,31,0,1166732,1057216,94707,0.548346,1309.78,finish,d9ceaf7a89294153fd1f395cff86d414e10e8520,C_full__big__eval100__20260903T162744Z
2019_easy_03_buy_only_fixed_downpayment,03_buy_only_fixed_downpayment,easy,C_full,z-ai/glm-5.1,big,True,100.0,38,0,1507948,1377856,85171,0.593915,1242.28,finish,d9ceaf7a89294153fd1f395cff86d414e10e8520,C_full__big__eval100__20260903T162744Z
2025_easy_04_buy_only_percentage_downpayment,04_buy_only_percentage_downpayment,easy,C_full,z-ai/glm-5.1,big,True,100.0,27,0,1084992,960128,102474,0.568088,1431.61,finish,d9ceaf7a89294153fd1f395cff86d414e10e8520,C_full__big__eval100__20260903T162744Z
2027_easy_04_buy_only_percentage_downpayment,04_buy_only_percentage_downpayment,easy,C_full,z-ai/glm-5.1,big,True,100.0,51,0,1678111,1572992,82433,0.596333,1235.06,finish,d9ceaf7a89294153fd1f395cff86d414e10e8520,C_full__big__eval100__20260903T162744Z
2067_medium_08_single_bom_single_workcenter,08_single_bom_single_workcenter,medium,C_full,z-ai/glm-5.1,big,False,20.0,59,0,2123929,1862336,224609,1.132292,3179.39,finish,d9ceaf7a89294153fd1f395cff86d414e10e8520,C_full__big__eval100__20260903T162744Z
2098_hard_11_restricted_subassembly_qualified_workcenters,11_restricted_subassembly_qualified_workcenters,hard,C_full,z-ai/glm-5.1,big,False,0.0,51,0,1924284,1647232,203533,1.110892,3600.05,api_error,d9ceaf7a89294153fd1f395cff86d414e10e8520,C_full__big__eval100__20260903T162744Z
2105_hard_11_restricted_subassembly_qualified_workcenters,11_restricted_subassembly_qualified_workcenters,hard,C_full,z-ai/glm-5.1,big,False,20.38,25,0,801648,691072,100890,0.505182,1357.13,finish,d9ceaf7a89294153fd1f395cff86d414e10e8520,C_full__big__eval100__20260903T162744Z
2124_medium_13_single_subassembly_qualified_workcenters,13_single_subassembly_qualified_workcenters,medium,C_full,z-ai/glm-5.1,big,True,100.0,35,0,1042581,947520,78261,0.469739,1089.69,finish,d9ceaf7a89294153fd1f395cff86d414e10e8520,C_full__big__eval100__20260903T162744Z
2141_hard_15_parallel_subassemblies_branch_assigned,15_parallel_subassemblies_branch_assigned,hard,C_full,z-ai/glm-5.1,big,False,23.11,63,0,3009403,2816512,172224,1.142322,2463.91,token_cap,d9ceaf7a89294153fd1f395cff86d414e10e8520,C_full__big__eval100__20260903T162744Z
2155_hard_16_serial_subassemblies_branch_assigned,16_serial_subassemblies_branch_assigned,hard,C_full,z-ai/glm-5.1,big,False,0.0,16,0,419293,349504,114714,0.449963,2835.12,api_error,d9ceaf7a89294153fd1f395cff86d414e10e8520,C_full__big__eval100__20260903T162744Z
2158_hard_16_serial_subassemblies_branch_assigned,16_serial_subassemblies_branch_assigned,hard,C_full,z-ai/glm-5.1,big,False,0.0,6,0,113184,82944,42169,0.16189,1940.52,api_error,d9ceaf7a89294153fd1f395cff86d414e10e8520,C_full__big__eval100__20260903T162744Z
2177_medium_18_manufacture_only_policy_forbidden,18_manufacture_only_policy_forbidden,medium,C_full,z-ai/glm-5.1,big,True,100.0,39,0,1155921,1026368,81606,0.523935,1249.48,finish,d9ceaf7a89294153fd1f395cff86d414e10e8520,C_full__big__eval100__20260903T162744Z
2198_medium_20_manufacture_only_no_available_vendors,20_manufacture_only_no_available_vendors,medium,C_full,z-ai/glm-5.1,big,True,100.0,41,0,1568868,1378496,70124,0.605826,1141.13,finish,d9ceaf7a89294153fd1f395cff86d414e10e8520,C_full__big__eval100__20260903T162744Z
2229_hard_23_restricted_subassembly_qualified_workcenters_screened_all_seeded,23_restricted_subassembly_qualified_workcenters_screened_all_seeded,hard,C_full,z-ai/glm-5.1,big,False,0.0,9,0,232225,161280,85813,0.336723,2423.4,api_error,d9ceaf7a89294153fd1f395cff86d414e10e8520,C_full__big__eval100__20260903T162744Z
2248_hard_24_single_subassembly_shared_overflow_capacity_screened_invoicing,24_single_subassembly_shared_overflow_capacity_screened_invoicing,hard,C_full,z-ai/glm-5.1,big,True,100.0,31,0,974561,855232,127020,0.615452,1707.53,finish,d9ceaf7a89294153fd1f395cff86d414e10e8520,C_full__big__eval100__20260903T162744Z
2274_easy_repair_plan_easy,repair_plan_easy,easy,C_full,z-ai/glm-5.1,big,True,99.5,19,0,571246,488256,72013,0.363433,1062.24,finish,d9ceaf7a89294153fd1f395cff86d414e10e8520,C_full__big__eval100__20260903T162744Z
2288_medium_repair_plan_medium,repair_plan_medium,medium,C_full,z-ai/glm-5.1,big,False,17.5,39,0,1096164,959680,116894,0.619748,1637.12,finish,d9ceaf7a89294153fd1f395cff86d414e10e8520,C_full__big__eval100__20260903T162744Z
2293_hard_repair_plan_hard,repair_plan_hard,hard,C_full,z-ai/glm-5.1,big,False,85.08,30,0,1485374,1285120,209395,0.99675,2915.18,finish,d9ceaf7a89294153fd1f395cff86d414e10e8520,C_full__big__eval100__20260903T162744Z
2297_hard_repair_plan_hard,repair_plan_hard,hard,C_full,z-ai/glm-5.1,big,True,99.94,46,0,1649308,1501568,218262,1.01088,3600.05,api_error,d9ceaf7a89294153fd1f395cff86d414e10e8520,C_full__big__eval100__20260903T162744Z
2098_hard_11_restricted_subassembly_qualified_workcenters,11_restricted_subassembly_qualified_workcenters,hard,C_full,z-ai/glm-5.1,big,False,19.55,63,0,3045622,2789952,194574,1.258704,2577.45,token_cap,9c77b6158529eb61f586f1e4257d6ecd5e9a7a3b,C_full__big__eval100__20260903T214736Z
2155_hard_16_serial_subassemblies_branch_assigned,16_serial_subassemblies_branch_assigned,hard,C_full,z-ai/glm-5.1,big,False,81.62,61,0,3031691,2731520,162546,1.197818,2192.26,token_cap,9c77b6158529eb61f586f1e4257d6ecd5e9a7a3b,C_full__big__eval100__20260903T214736Z
2158_hard_16_serial_subassemblies_branch_assigned,16_serial_subassemblies_branch_assigned,hard,C_full,z-ai/glm-5.1,big,True,99.99,46,0,1215126,1134848,85996,0.510005,1144.51,finish,9c77b6158529eb61f586f1e4257d6ecd5e9a7a3b,C_full__big__eval100__20260903T214736Z
2229_hard_23_restricted_subassembly_qualified_workcenters_screened_all_seeded,23_restricted_subassembly_qualified_workcenters_screened_all_seeded,hard,C_full,z-ai/glm-5.1,big,False,95.07,55,0,1583756,1439552,293249,1.211336,3600.0,timeout,9c77b6158529eb61f586f1e4257d6ecd5e9a7a3b,C_full__big__eval100__20260903T214736Z
2297_hard_repair_plan_hard,repair_plan_hard,hard,C_full,z-ai/glm-5.1,big,False,20.38,45,0,1906230,1701952,242649,1.165703,3042.59,finish,9c77b6158529eb61f586f1e4257d6ecd5e9a7a3b,C_full__big__eval100__20260903T214736Z
2004_easy_01_buy_only_baseline,01_buy_only_baseline,easy,C_full,z-ai/glm-5.1,big,True,100.0,29,0,1225906,890560,78991,0.681584,1830.95,finish,84930caec5542762a5bf9ae5bd78041842bf97f5,C_full__big__make7__20260902T134243Z
2017_easy_03_buy_only_fixed_downpayment,03_buy_only_fixed_downpayment,easy,C_full,z-ai/glm-5.1,big,True,100.0,38,0,1100376,931776,89130,0.565808,1390.11,finish,84930caec5542762a5bf9ae5bd78041842bf97f5,C_full__big__make7__20260902T134243Z
2065_medium_08_single_bom_single_workcenter,08_single_bom_single_workcenter,medium,C_full,z-ai/glm-5.1,big,True,100.0,32,0,1039866,853056,37730,0.422071,848.28,finish,84930caec5542762a5bf9ae5bd78041842bf97f5,C_full__big__make7__20260902T134243Z
2086_medium_10_single_bom_split_by_capacity,10_single_bom_split_by_capacity,medium,C_full,z-ai/glm-5.1,big,False,40.0,43,0,2290059,1953024,91950,0.89974,1691.88,finish,84930caec5542762a5bf9ae5bd78041842bf97f5,C_full__big__make7__20260902T134243Z
2109_medium_12_single_subassembly_lowest_cost,12_single_subassembly_lowest_cost,medium,C_full,z-ai/glm-5.1,big,False,96.89,45,0,1247038,970240,135849,0.804385,2373.75,finish,84930caec5542762a5bf9ae5bd78041842bf97f5,C_full__big__make7__20260902T134243Z
2192_medium_19_manufacture_only_no_buy_route,19_manufacture_only_no_buy_route,medium,C_full,z-ai/glm-5.1,big,True,100.0,24,0,552745,430272,62320,0.362402,1191.81,finish,84930caec5542762a5bf9ae5bd78041842bf97f5,C_full__big__make7__20260902T134243Z
2208_medium_21_single_bom_lowest_cost_screened_mixed_seeded,21_single_bom_lowest_cost_screened_mixed_seeded,medium,C_full,z-ai/glm-5.1,big,True,100.0,27,0,1078613,864832,60987,0.51512,1257.02,finish,84930caec5542762a5bf9ae5bd78041842bf97f5,C_full__big__make7__20260902T134243Z
